<powerpagecomponent powerpagecomponentid="9afe2bfc-9f58-4ed3-999e-694b0f9096b2">
  <content>{"disablepagevalidation":false,"displayimageonly":false,"displayorder":4,"displaypagechildlinks":false,"openinnewwindow":false,"pageid":"19fa914f-3d9f-42e9-8209-4290589b7558","publishingstateid":"61fe0133-539e-405b-8bb5-b47990a1b0e6","robotsfollowlink":true,"weblinksetid":"ea25051f-b3e6-4e02-ae33-4ecc4ce5cec4"}</content>
  <iscustomizable>1</iscustomizable>
  <name>Contact us</name>
  <powerpagecomponenttype>5</powerpagecomponenttype>
  <powerpagesiteid>
    <powerpagesiteid>5f70b5df-786c-4df3-b1e8-a2c69a2888e3</powerpagesiteid>
  </powerpagesiteid>
  <statecode>0</statecode>
  <statuscode>1</statuscode>
</powerpagecomponent>