<powerpagecomponent powerpagecomponentid="929f54b6-8164-4349-a261-5999777a395d">
  <content>{
  "progressindicatorenabled": true,
  "multiplerecordsperuserpermitted": true,
  "progressindicatorposition": 756150000,
  "editexistingrecordpermitted": true,
  "webFormSteps": [
    "ba7584d7-e699-483a-a0c5-1795630a88a1",
    "90338cbe-462d-47ff-a6a6-4c233248e8e1"
  ],
  "startstep": "ba7584d7-e699-483a-a0c5-1795630a88a1"
}</content>
  <iscustomizable>1</iscustomizable>
  <name>Multistep form 1</name>
  <powerpagecomponenttype>19</powerpagecomponenttype>
  <powerpagesiteid>
    <powerpagesiteid>5f70b5df-786c-4df3-b1e8-a2c69a2888e3</powerpagesiteid>
  </powerpagesiteid>
  <statecode>0</statecode>
  <statuscode>1</statuscode>
</powerpagecomponent>