<powerpagecomponent powerpagecomponentid="ff2bcbae-3271-4bf5-a51e-ccad8b2bf4ea">
  <content>{"value":"{\"status\":\"enable\",\"selectedThemeId\":\"329a43fa-5471-4678-8330-d3a0b404e9bb\",\"version\":\"V2\"}"}</content>
  <iscustomizable>1</iscustomizable>
  <name>ThemeFeature</name>
  <powerpagecomponenttype>9</powerpagecomponenttype>
  <powerpagesiteid>
    <powerpagesiteid>5f70b5df-786c-4df3-b1e8-a2c69a2888e3</powerpagesiteid>
  </powerpagesiteid>
  <statecode>0</statecode>
  <statuscode>1</statuscode>
</powerpagecomponent>