<powerpagecomponent powerpagecomponentid="b7773cb7-555f-4644-813a-4581beb26e2b">
  <content>{
  "filecontent": null,
  "description": "Enables or disables Azure AD as an external identity provider. By default, it is set to true.",
  "value": "true"
}</content>
  <iscustomizable>1</iscustomizable>
  <name>Authentication/Registration/AzureADLoginEnabled</name>
  <powerpagecomponenttype>9</powerpagecomponenttype>
  <powerpagesiteid>
    <powerpagesiteid>5f70b5df-786c-4df3-b1e8-a2c69a2888e3</powerpagesiteid>
  </powerpagesiteid>
  <statecode>0</statecode>
  <statuscode>1</statuscode>
</powerpagecomponent>