<powerpagecomponent powerpagecomponentid="391ee55e-8efb-461c-abba-7859ac4d7968">
  <content>{"adddescription":false,"attributelogicalname":"comments","descriptionposition":100000000,"entityform":"d65a59fd-3856-45fe-866a-11c26374755a","fieldisrequired":true,"ignoredefaultvalue":false,"onsavetype":100000000,"randomizeoptionsetvalues":false,"setvalueonsave":false,"type":100000000,"useattributedescriptionproperty":true}</content>
  <iscustomizable>1</iscustomizable>
  <name>simple contact us form comments</name>
  <powerpagecomponenttype>16</powerpagecomponenttype>
  <powerpagesiteid>
    <powerpagesiteid>5f70b5df-786c-4df3-b1e8-a2c69a2888e3</powerpagesiteid>
  </powerpagesiteid>
  <statecode>0</statecode>
  <statuscode>1</statuscode>
</powerpagecomponent>