{
  "properties": {
    "connectionReferences": {
      "shared_commondataserviceforapps_1": {
        "runtimeSource": "embedded",
        "connection": {
          "connectionReferenceLogicalName": "niq_sharedcommondataserviceforapps_0f0da"
        },
        "api": {
          "name": "shared_commondataserviceforapps"
        }
      },
      "shared_gmail": {
        "runtimeSource": "embedded",
        "connection": {
          "connectionReferenceLogicalName": "niq_sharedgmail_b5c7e"
        },
        "api": {
          "name": "shared_gmail"
        }
      }
    },
    "definition": {
      "$schema": "https://schema.management.azure.com/providers/Microsoft.Logic/schemas/2016-06-01/workflowdefinition.json#",
      "contentVersion": "1.0.0.0",
      "parameters": {
        "$connections": {
          "defaultValue": {},
          "type": "Object"
        },
        "$authentication": {
          "defaultValue": {},
          "type": "SecureObject"
        }
      },
      "triggers": {
        "manual": {
          "metadata": {
            "operationMetadataId": "08752226-eaf5-4c07-ae73-61401b64cbe7"
          },
          "type": "Request",
          "kind": "Http",
          "inputs": {
            "schema": {
              "type": "object",
              "properties": {
                "teamId": {
                  "type": "string"
                }
              },
              "required": [
                "teamId"
              ]
            },
            "triggerAuthenticationType": "All"
          }
        }
      },
      "actions": {
        "List_rows": {
          "runAfter": {},
          "metadata": {
            "operationMetadataId": "137bcd2a-6cdf-45f5-867d-1fd5462341f6"
          },
          "type": "OpenApiConnection",
          "inputs": {
            "host": {
              "connectionName": "shared_commondataserviceforapps_1",
              "operationId": "ListRecords",
              "apiId": "/providers/Microsoft.PowerApps/apis/shared_commondataserviceforapps"
            },
            "parameters": {
              "entityName": "niq_summaries",
              "$filter": "_niq_team_value eq @{triggerBody()['teamId']}"
            },
            "authentication": "@parameters('$authentication')"
          }
        },
        "Apply_to_each": {
          "foreach": "@outputs('List_rows')?['body/value']",
          "actions": {
            "Get_a_row_by_ID": {
              "runAfter": {},
              "metadata": {
                "operationMetadataId": "3caf4235-5227-431b-bc60-b8aadb96cb9b"
              },
              "type": "OpenApiConnection",
              "inputs": {
                "host": {
                  "connectionName": "shared_commondataserviceforapps_1",
                  "operationId": "GetItem",
                  "apiId": "/providers/Microsoft.PowerApps/apis/shared_commondataserviceforapps"
                },
                "parameters": {
                  "entityName": "contacts",
                  "recordId": "@items('Apply_to_each')?['_niq_contact_value']"
                },
                "authentication": "@parameters('$authentication')"
              }
            },
            "Send_email_(V2)": {
              "runAfter": {
                "Get_a_row_by_ID": [
                  "Succeeded"
                ]
              },
              "metadata": {
                "operationMetadataId": "421965ee-2047-4a7c-9dd1-1460cc1e6333"
              },
              "type": "OpenApiConnection",
              "inputs": {
                "host": {
                  "connectionName": "shared_gmail",
                  "operationId": "SendEmailV2",
                  "apiId": "/providers/Microsoft.PowerApps/apis/shared_gmail"
                },
                "parameters": {
                  "emailMessage/To": "@outputs('Get_a_row_by_ID')?['body/emailaddress1']",
                  "emailMessage/Subject": "Here is Your Summary from @{outputs('Get_a_row_by_ID_2')?['body/niq_name']}",
                  "emailMessage/Body": "<p>Hello <strong>@{outputs('Get_a_row_by_ID')?['body/fullname']}</strong>,<br>\n<br>\nHere is the summary of your expenses for Team <strong>@{outputs('Get_a_row_by_ID_2')?['body/niq_name']}</strong><br>\n<br>\nIf you have no amount to receive or no outstanding dues, you can ignore this email.<br>\n<br>\n<strong>Summary of your expenses:</strong></p>\n<ul>\n  <li><strong>Spent Amount:</strong> ₹ @{items('Apply_to_each')?['niq_spentamount']},</li>\n  <li><strong>Your Share:</strong> ₹ @{items('Apply_to_each')?['niq_equalshare']},</li>\n  <li><strong>Amount to Receive:</strong> ₹ @{items('Apply_to_each')?['niq_amounttoreceive']},</li>\n  <li><strong>Amount Due:</strong> ₹ @{items('Apply_to_each')?['niq_amountdue']}.</li>\n</ul>\n\n<p>Thank you for using Voyage Ledger.</p>\n<p><strong>Regards,<br/>Team Voyage Ledger</strong></p>"
                },
                "authentication": "@parameters('$authentication')"
              }
            }
          },
          "runAfter": {
            "Get_a_row_by_ID_2": [
              "Succeeded"
            ]
          },
          "metadata": {
            "operationMetadataId": "2c67b709-d049-4791-9c53-d66e1cf55f02"
          },
          "type": "Foreach"
        },
        "Get_a_row_by_ID_2": {
          "runAfter": {
            "List_rows": [
              "Succeeded"
            ]
          },
          "metadata": {
            "operationMetadataId": "3fc31dd5-c0be-4a49-80b7-912bc59da063"
          },
          "type": "OpenApiConnection",
          "inputs": {
            "host": {
              "connectionName": "shared_commondataserviceforapps_1",
              "operationId": "GetItem",
              "apiId": "/providers/Microsoft.PowerApps/apis/shared_commondataserviceforapps"
            },
            "parameters": {
              "entityName": "niq_teams",
              "recordId": "@triggerBody()['teamId']"
            },
            "authentication": "@parameters('$authentication')"
          }
        }
      },
      "outputs": {}
    },
    "templateName": ""
  },
  "schemaVersion": "1.0.0.0"
}