{
  "properties": {
    "connectionReferences": {
      "shared_commondataserviceforapps_1": {
        "runtimeSource": "embedded",
        "connection": {
          "connectionReferenceLogicalName": "niq_sharedcommondataserviceforapps_0f0da"
        },
        "api": {
          "name": "shared_commondataserviceforapps"
        }
      },
      "shared_gmail": {
        "runtimeSource": "embedded",
        "connection": {
          "connectionReferenceLogicalName": "niq_sharedgmail_b5c7e"
        },
        "api": {
          "name": "shared_gmail"
        }
      }
    },
    "definition": {
      "$schema": "https://schema.management.azure.com/providers/Microsoft.Logic/schemas/2016-06-01/workflowdefinition.json#",
      "contentVersion": "1.0.0.0",
      "parameters": {
        "$connections": {
          "defaultValue": {},
          "type": "Object"
        },
        "$authentication": {
          "defaultValue": {},
          "type": "SecureObject"
        }
      },
      "triggers": {
        "When_a_row_is_added,_modified_or_deleted": {
          "metadata": {
            "operationMetadataId": "eec51d1d-ec18-4445-be71-b325a2511f88"
          },
          "type": "OpenApiConnectionWebhook",
          "inputs": {
            "host": {
              "connectionName": "shared_commondataserviceforapps_1",
              "operationId": "SubscribeWebhookTrigger",
              "apiId": "/providers/Microsoft.PowerApps/apis/shared_commondataserviceforapps"
            },
            "parameters": {
              "subscriptionRequest/message": 1,
              "subscriptionRequest/entityname": "niq_teaminvite",
              "subscriptionRequest/scope": 4
            },
            "authentication": "@parameters('$authentication')"
          }
        }
      },
      "actions": {
        "Get_a_row_by_ID": {
          "runAfter": {},
          "metadata": {
            "operationMetadataId": "819856e6-480d-4947-be41-f66d34d04174"
          },
          "type": "OpenApiConnection",
          "inputs": {
            "host": {
              "connectionName": "shared_commondataserviceforapps_1",
              "operationId": "GetItem",
              "apiId": "/providers/Microsoft.PowerApps/apis/shared_commondataserviceforapps"
            },
            "parameters": {
              "entityName": "contacts",
              "recordId": "@triggerOutputs()?['body/_niq_contact_value']"
            },
            "authentication": "@parameters('$authentication')"
          }
        },
        "Send_email_(V2)": {
          "runAfter": {
            "Get_a_row_by_ID_2": [
              "Succeeded"
            ]
          },
          "metadata": {
            "operationMetadataId": "9503f238-42bd-4fe1-bb10-0a728277cf44"
          },
          "type": "OpenApiConnection",
          "inputs": {
            "host": {
              "connectionName": "shared_gmail",
              "operationId": "SendEmailV2",
              "apiId": "/providers/Microsoft.PowerApps/apis/shared_gmail"
            },
            "parameters": {
              "emailMessage/To": "@outputs('Get_a_row_by_ID')?['body/emailaddress1']",
              "emailMessage/Subject": "Invite from @{outputs('Get_a_row_by_ID_2')?['body/niq_name']} Team – Check It Out! 🎉",
              "emailMessage/Body": "<p>Hi @{outputs('Get_a_row_by_ID')?['body/fullname']},<br>\nYou’ve got an invite from @{outputs('Get_a_row_by_ID_2')?['body/niq_name']}<br>\nTap the link to check it out: <a href=\"https://site-r2hsw.powerappsportals.com/Team-Invites/\">View Invite</a>&nbsp;<br>\n<br>\nThanks and Regards,<br>\nTeam Voyage Ledger.</p>"
            },
            "authentication": "@parameters('$authentication')"
          }
        },
        "Get_a_row_by_ID_2": {
          "runAfter": {
            "Get_a_row_by_ID": [
              "Succeeded"
            ]
          },
          "metadata": {
            "operationMetadataId": "5523e6e5-dba8-4ea3-ab76-584145260206"
          },
          "type": "OpenApiConnection",
          "inputs": {
            "host": {
              "connectionName": "shared_commondataserviceforapps_1",
              "operationId": "GetItem",
              "apiId": "/providers/Microsoft.PowerApps/apis/shared_commondataserviceforapps"
            },
            "parameters": {
              "entityName": "niq_teams",
              "recordId": "@triggerOutputs()?['body/_niq_team_value']"
            },
            "authentication": "@parameters('$authentication')"
          }
        }
      },
      "outputs": {}
    },
    "templateName": ""
  },
  "schemaVersion": "1.0.0.0"
}