<powerpagecomponent powerpagecomponentid="c5cc6e04-d6e7-490d-9f53-e027ef65dd36">
  <content>{
  "filecontent": null,
  "value": "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"
}</content>
  <iscustomizable>1</iscustomizable>
  <name>Authentication/OpenAuth/Google/ClientSecret</name>
  <powerpagecomponenttype>9</powerpagecomponenttype>
  <powerpagesiteid>
    <powerpagesiteid>5f70b5df-786c-4df3-b1e8-a2c69a2888e3</powerpagesiteid>
  </powerpagesiteid>
  <statecode>0</statecode>
  <statuscode>1</statuscode>
</powerpagecomponent>