<powerpagecomponent powerpagecomponentid="61471b9e-482c-472f-aa92-0c27b4bee1c6">
  <content>{"contentdisposition":756150000,"enabletracking":false,"excludefromsearch":false,"hiddenfromsitemap":false,"parentpageid":"5b262195-06e7-4524-99bd-8dd51e0e8b54","partialurl":"Cat-PC.png","publishingstateid":"61fe0133-539e-405b-8bb5-b47990a1b0e6"}</content>
  <filecontent mimetype="application/octet-stream">Cat-PC.png</filecontent>
  <iscustomizable>1</iscustomizable>
  <name>Cat-PC.png</name>
  <powerpagecomponenttype>3</powerpagecomponenttype>
  <powerpagesiteid>
    <powerpagesiteid>5f70b5df-786c-4df3-b1e8-a2c69a2888e3</powerpagesiteid>
  </powerpagesiteid>
  <statecode>0</statecode>
  <statuscode>1</statuscode>
</powerpagecomponent>