<powerpagecomponent powerpagecomponentid="1e9a65bf-4b45-4ed6-9c3d-a9d12be22fc8">
  <content>{"enablerating":false,"enabletracking":false,"excludefromsearch":false,"feedbackpolicy":756150000,"hiddenfromsitemap":true,"isroot":true,"pagetemplateid":"bcb89f98-563c-4535-a4d8-096ba2ef1eeb","parentpageid":"5b262195-06e7-4524-99bd-8dd51e0e8b54","partialurl":"profile","publishingstateid":"61fe0133-539e-405b-8bb5-b47990a1b0e6","sharedpageconfiguration":false,"title":"Profile"}</content>
  <iscustomizable>1</iscustomizable>
  <name>Profile</name>
  <powerpagecomponenttype>2</powerpagecomponenttype>
  <powerpagesiteid>
    <powerpagesiteid>5f70b5df-786c-4df3-b1e8-a2c69a2888e3</powerpagesiteid>
  </powerpagesiteid>
  <searchcontent>ProfileProfile</searchcontent>
  <statecode>0</statecode>
  <statuscode>1</statuscode>
</powerpagecomponent>