<powerpagecomponent powerpagecomponentid="dd496ec3-0c96-4442-a338-f5b2f5622339">
  <content>{"adddescription":false,"attributelogicalname":"adx_contactemail","descriptionposition":100000000,"entityform":"d65a59fd-3856-45fe-866a-11c26374755a","fieldisrequired":true,"ignoredefaultvalue":false,"onsavetype":100000000,"randomizeoptionsetvalues":false,"setvalueonsave":false,"type":100000000,"useattributedescriptionproperty":true}</content>
  <iscustomizable>1</iscustomizable>
  <name>simple contact us form adx_contactemail</name>
  <powerpagecomponenttype>16</powerpagecomponenttype>
  <powerpagesiteid>
    <powerpagesiteid>5f70b5df-786c-4df3-b1e8-a2c69a2888e3</powerpagesiteid>
  </powerpagesiteid>
  <statecode>0</statecode>
  <statuscode>1</statuscode>
</powerpagecomponent>