<powerpagecomponent powerpagecomponentid="4af6f132-0f94-43d0-9700-c0764b2b9813">
  <content>{"enablerating":false,"enabletracking":false,"excludefromsearch":false,"feedbackpolicy":756150000,"hiddenfromsitemap":false,"isroot":true,"pagetemplateid":"4ea1f15e-c322-4fa2-a981-958d00d40b3b","parentpageid":"5b262195-06e7-4524-99bd-8dd51e0e8b54","partialurl":"default-offline-page","publishingstateid":"61fe0133-539e-405b-8bb5-b47990a1b0e6","sharedpageconfiguration":false,"title":"Default Offline Page"}</content>
  <iscustomizable>1</iscustomizable>
  <name>Default Offline Page</name>
  <powerpagecomponenttype>2</powerpagecomponenttype>
  <powerpagesiteid>
    <powerpagesiteid>5f70b5df-786c-4df3-b1e8-a2c69a2888e3</powerpagesiteid>
  </powerpagesiteid>
  <searchcontent>Default Offline PageDefault Offline Page</searchcontent>
  <statecode>0</statecode>
  <statuscode>1</statuscode>
</powerpagecomponent>