<powerpagecomponent powerpagecomponentid="6fe7643d-537e-4544-bee1-49e1749b5d4a">
  <content>{
  "filecontent": null,
  "lcid": 1033,
  "entityname": "niq_expense",
  "formname": "Expense Form",
  "mode": 100000000,
  "onsuccess": "756150000",
  "successmessage": "[{\"LCID\":1033,\"Value\":\"Expense Created successfully\"}]",
  "hideformonsuccess": true,
  "redirectwebpage": null,
  "redirecturl": null,
  "captcharequired": false,
  "showcaptchaforauthenticatedusers": false,
  "entitypermissionsenabled": true,
  "attachfilelabel": "[{\"LCID\":1033,\"Value\":\"\"}]",
  "attachfilestoragelocation": 756150000,
  "attachfilemaxsize": null,
  "maximumnooffiles": 5,
  "entitysourcetype": null,
  "recordidquerystringparametername": null,
  "entityFormMetadatas": [
    "2a492003-67cb-f011-8544-6045bde7fb3a"
  ],
  "geolocation_maptype": 756150000,
  "setentityreference": false,
  "containername": "",
  "storageaccountname": ""
}</content>
  <iscustomizable>1</iscustomizable>
  <name>Expense Form</name>
  <powerpagecomponenttype>15</powerpagecomponenttype>
  <powerpagesiteid>
    <powerpagesiteid>5f70b5df-786c-4df3-b1e8-a2c69a2888e3</powerpagesiteid>
  </powerpagesiteid>
  <statecode>0</statecode>
  <statuscode>1</statuscode>
</powerpagecomponent>