<powerpagecomponent powerpagecomponentid="aa09a52a-e044-4637-859e-8cadd58ab72b">
  <content>{"disablepagevalidation":false,"displayimageonly":false,"displayorder":1,"displaypagechildlinks":false,"openinnewwindow":false,"pageid":"5b262195-06e7-4524-99bd-8dd51e0e8b54","publishingstateid":"61fe0133-539e-405b-8bb5-b47990a1b0e6","robotsfollowlink":true,"weblinksetid":"aeac877d-396a-4e2b-9afd-08c2bbcc4a92"}</content>
  <iscustomizable>1</iscustomizable>
  <name>Home</name>
  <powerpagecomponenttype>5</powerpagecomponenttype>
  <powerpagesiteid>
    <powerpagesiteid>5f70b5df-786c-4df3-b1e8-a2c69a2888e3</powerpagesiteid>
  </powerpagesiteid>
  <statecode>0</statecode>
  <statuscode>1</statuscode>
</powerpagecomponent>