<powerpagecomponent powerpagecomponentid="a31469b3-6dd5-ae2b-76c5-08fe34f31db9">
  <content>{
  "displayorder": 7,
  "weblinksetid": "aeac877d-396a-4e2b-9afd-08c2bbcc4a92",
  "pageid": "6bc8b173-72a4-9f38-5882-7f4d97fdfdfe",
  "publishingstateid": "61fe0133-539e-405b-8bb5-b47990a1b0e6",
  "displaypagevalidation": false,
  "displayimageonly": false,
  "displaypagechildlinks": false,
  "openinnewwindow": false,
  "robotsfollowlink": true
}</content>
  <iscustomizable>1</iscustomizable>
  <name>New Teams-deleted</name>
  <powerpagecomponenttype>5</powerpagecomponenttype>
  <powerpagesiteid>
    <powerpagesiteid>5f70b5df-786c-4df3-b1e8-a2c69a2888e3</powerpagesiteid>
  </powerpagesiteid>
  <statecode>1</statecode>
  <statuscode>2</statuscode>
</powerpagecomponent>