<powerpagecomponent powerpagecomponentid="881772a8-7ccb-f011-8544-6045bde7fb3a">
  <content>{
  "attributelogicalname": "niq_team",
  "type": 100000000,
  "fieldisrequired": false,
  "useattributedescriptionproperty": true,
  "descriptionposition": 100000000,
  "adddescription": false,
  "setvalueonsave": false,
  "ignoredefaultvalue": false,
  "randomizeoptionsetvalues": false,
  "entityformforcreate": "8ab5ed92-7ca5-4075-89d8-f5dda6e765c1",
  "entityform": "8ab5ed92-7ca5-4075-89d8-f5dda6e765c1"
}</content>
  <iscustomizable>1</iscustomizable>
  <name>Edit Expense niq_team</name>
  <powerpagecomponenttype>16</powerpagecomponenttype>
  <powerpagesiteid>
    <powerpagesiteid>5f70b5df-786c-4df3-b1e8-a2c69a2888e3</powerpagesiteid>
  </powerpagesiteid>
  <statecode>0</statecode>
  <statuscode>1</statuscode>
</powerpagecomponent>