<powerpagecomponent powerpagecomponentid="596922a5-f57a-490a-b82a-adecec88e4e7">
  <content>{"display_name":"Search/Facet/Product","type":756150000,"value":"Products"}</content>
  <iscustomizable>1</iscustomizable>
  <name>Search/Facet/Product</name>
  <powerpagecomponenttype>7</powerpagecomponenttype>
  <powerpagesiteid>
    <powerpagesiteid>5f70b5df-786c-4df3-b1e8-a2c69a2888e3</powerpagesiteid>
  </powerpagesiteid>
  <powerpagesitelanguageid>
    <powerpagesitelanguageid>5ffe60b9-5500-41db-b38a-c180cf7a1562</powerpagesitelanguageid>
  </powerpagesitelanguageid>
  <statecode>0</statecode>
  <statuscode>1</statuscode>
</powerpagecomponent>