<powerpagecomponent powerpagecomponentid="4a308df5-3be1-357c-20ab-9330a0f29431">
  <content>{
  "filecontent": null,
  "displayorder": null,
  "pagetemplateid": "4ea1f15e-c322-4fa2-a981-958d00d40b3b",
  "parentpageid": "5b262195-06e7-4524-99bd-8dd51e0e8b54",
  "partialurl": "sign-in-deleted",
  "isroot": true,
  "title": "Access Control",
  "summary": "&lt;p&gt;This is a sample landing page designed to be a starting point for your website&lt;/p&gt;",
  "publishingstateid": "61fe0133-539e-405b-8bb5-b47990a1b0e6",
  "enablerating": false,
  "enabletracking": false,
  "excludefromsearch": false,
  "hiddenfromsitemap": true,
  "sharedpageconfiguration": false,
  "feedbackpolicy": 756150000
}</content>
  <iscustomizable>1</iscustomizable>
  <name>Sign-In-deleted</name>
  <powerpagecomponenttype>2</powerpagecomponenttype>
  <powerpagesiteid>
    <powerpagesiteid>5f70b5df-786c-4df3-b1e8-a2c69a2888e3</powerpagesiteid>
  </powerpagesiteid>
  <searchcontent>Access ControlSign-In-deleted</searchcontent>
  <statecode>1</statecode>
  <statuscode>2</statuscode>
</powerpagecomponent>