<powerpagecomponent powerpagecomponentid="c918e98e-0552-400c-896c-98644c4c959c">
  <content>{"createdOn":"2025-12-04T08:30:24.517Z","parentpageid":"5b262195-06e7-4524-99bd-8dd51e0e8b54","publishingstateid":"61fe0133-539e-405b-8bb5-b47990a1b0e6","partialurl":"SignIn.jpg","title":"","summary":"","enabletracking":false,"excludefromsearch":false,"hiddenfromsitemap":false}</content>
  <filecontent mimetype="image/jpeg">SignIn.jpg</filecontent>
  <iscustomizable>1</iscustomizable>
  <name>SignIn.jpg</name>
  <powerpagecomponenttype>3</powerpagecomponenttype>
  <powerpagesiteid>
    <powerpagesiteid>5f70b5df-786c-4df3-b1e8-a2c69a2888e3</powerpagesiteid>
  </powerpagesiteid>
  <statecode>0</statecode>
  <statuscode>1</statuscode>
</powerpagecomponent>