<powerpagecomponent powerpagecomponentid="dda94b21-3307-4108-a6d6-3f47ad4895f9">
  <content>{"display_name":"Search/Facet/Modified Date","type":756150000,"value":"Modified date"}</content>
  <iscustomizable>1</iscustomizable>
  <name>Search/Facet/ModifiedDate</name>
  <powerpagecomponenttype>7</powerpagecomponenttype>
  <powerpagesiteid>
    <powerpagesiteid>5f70b5df-786c-4df3-b1e8-a2c69a2888e3</powerpagesiteid>
  </powerpagesiteid>
  <powerpagesitelanguageid>
    <powerpagesitelanguageid>5ffe60b9-5500-41db-b38a-c180cf7a1562</powerpagesitelanguageid>
  </powerpagesitelanguageid>
  <statecode>0</statecode>
  <statuscode>1</statuscode>
</powerpagecomponent>