<powerpagecomponent powerpagecomponentid="3022423b-5ad4-4a90-7794-fa4cf6ee2dd7">
  <content>{
  "displayorder": null,
  "customcss": "",
  "customjavascript": "",
  "pagetemplateid": "4ea1f15e-c322-4fa2-a981-958d00d40b3b",
  "parentpageid": "5b262195-06e7-4524-99bd-8dd51e0e8b54",
  "partialurl": "User-Access-deleted",
  "isroot": false,
  "rootwebpageid": "8907c98a-a6e6-f336-925f-b1f476d65964",
  "title": "User Access",
  "summary": "&lt;p&gt;This is a sample landing page designed to be a starting point for your website&lt;/p&gt;",
  "copy": "&lt;div style='display: flex; flex-wrap: wrap; min-height: 60vh; background-image: linear-gradient(0deg, rgba(0, 0, 0, 0.6), rgba(0, 0, 0, 0.6)), url(\"/SignIn-5.jpg\"); background-position: center center; background-repeat: no-repeat; background-size: cover;' class=\"row sectionBlockLayout\" data-component-theme=\"portalThemeColor8\"&gt;\n  &lt;div class=\"container\"&gt;\n    &lt;div style=\"flex-grow: 1; display: flex; flex-direction: column; margin: 180px 0px;\" class=\"col-md-12 columnBlockLayout\"&gt;\n      &lt;h1 style=\"color: white; text-align: center;\"&gt;Sign In to Your Account&lt;/h1&gt;\n      &lt;p style=\"color: white; text-align: center; max-width: 600px; margin: 0 auto;\"&gt;Access your personalized dashboard and manage your preferences securely and conveniently.&lt;/p&gt;\n    &lt;/div&gt;\n  &lt;/div&gt;\n&lt;/div&gt;\n\n&lt;div style=\"display: flex; flex-wrap: wrap; min-height: auto;\" class=\"row sectionBlockLayout\" data-component-theme=\"portalThemeColor\"&gt;\n  &lt;div class=\"container\"&gt;\n    &lt;div style=\"flex-grow: 1; display: flex; flex-direction: column; margin: 40px 0px; padding: 30px;\" class=\"col-md-6 columnBlockLayout\"&gt;\n      &lt;h2&gt;Why Sign In?&lt;/h2&gt;\n      &lt;p&gt;Signing in allows you to unlock exclusive features, track your activities, and receive personalized updates tailored just for you. Your security is our priority, ensuring your data is protected at all times.&lt;/p&gt;\n      &lt;button class=\"button1\"&gt;Create New Account&lt;/button&gt;\n    &lt;/div&gt;\n    &lt;div style=\"flex-grow: 1; display: flex; flex-direction: column; margin: 40px 0px; padding: 30px;\" class=\"col-md-6 columnBlockLayout\"&gt;&lt;img style=\"width: 100%; height: auto; border-radius: 6px;\" alt=\"Person signing in on laptop\" src=\"/SignIn.jpg\" /&gt;&lt;/div&gt;\n  &lt;/div&gt;\n&lt;/div&gt;\n\n&lt;div style=\"display: flex; flex-wrap: wrap; min-height: auto;\" class=\"row sectionBlockLayout\" data-component-theme=\"portalThemeColor\"&gt;\n  &lt;div class=\"container\"&gt;\n    &lt;div style=\"flex-grow: 1; display: flex; flex-direction: column; margin: 30px 0px; padding: 20px;\" class=\"col-md-4 columnBlockLayout\"&gt;\n      &lt;img style=\"width: 100%; height: auto; border-radius: 4px;\" alt=\"Secure lock icon\" src=\"/SignIn-2.jpg\" /&gt;\n      &lt;h3&gt;Security&lt;/h3&gt;\n      &lt;p&gt;We use advanced encryption and multi-factor authentication to keep your account safe.&lt;/p&gt;\n    &lt;/div&gt;\n    &lt;div style=\"flex-grow: 1; display: flex; flex-direction: column; margin: 30px 0px; padding: 20px;\" class=\"col-md-4 columnBlockLayout\"&gt;\n      &lt;img style=\"width: 100%; height: auto; border-radius: 4px;\" alt=\"24/7 access icon\" src=\"/SignIn-3.jpg\" /&gt;\n      &lt;h3&gt;Anytime Access&lt;/h3&gt;\n      &lt;p&gt;Sign in anytime, anywhere, on any device to stay connected with your account.&lt;/p&gt;\n    &lt;/div&gt;\n    &lt;div style=\"flex-grow: 1; display: flex; flex-direction: column; margin: 30px 0px; padding: 20px;\" class=\"col-md-4 columnBlockLayout\"&gt;\n      &lt;img style=\"width: 100%; height: auto; border-radius: 4px;\" alt=\"Customized dashboard\" src=\"/SignIn-4.jpg\" /&gt;\n      &lt;h3&gt;Personalized Experience&lt;/h3&gt;\n      &lt;p&gt;Customize your settings and preferences to make your experience uniquely yours.&lt;/p&gt;\n    &lt;/div&gt;\n  &lt;/div&gt;\n&lt;/div&gt;\n",
  "publishingstateid": "61fe0133-539e-405b-8bb5-b47990a1b0e6",
  "enablerating": false,
  "enabletracking": false,
  "excludefromsearch": false,
  "hiddenfromsitemap": true,
  "sharedpageconfiguration": false
}</content>
  <iscustomizable>1</iscustomizable>
  <name>User Access-deleted</name>
  <powerpagecomponenttype>2</powerpagecomponenttype>
  <powerpagesiteid>
    <powerpagesiteid>5f70b5df-786c-4df3-b1e8-a2c69a2888e3</powerpagesiteid>
  </powerpagesiteid>
  <powerpagesitelanguageid>
    <powerpagesitelanguageid>5ffe60b9-5500-41db-b38a-c180cf7a1562</powerpagesitelanguageid>
  </powerpagesitelanguageid>
  <searchcontent>User Access&lt;div style='display: flex; flex-wrap: wrap; min-height: 60vh; background-image: linear-gradient(0deg, rgba(0, 0, 0, 0.6), rgba(0, 0, 0, 0.6)), url("/SignIn-5.jpg"); background-position: center center; background-repeat: no-repeat; background-size: cover;' class="row sectionBlockLayout" data-component-theme="portalThemeColor8"&gt;
  &lt;div class="container"&gt;
    &lt;div style="flex-grow: 1; display: flex; flex-direction: column; margin: 180px 0px;" class="col-md-12 columnBlockLayout"&gt;
      &lt;h1 style="color: white; text-align: center;"&gt;Sign In to Your Account&lt;/h1&gt;
      &lt;p style="color: white; text-align: center; max-width: 600px; margin: 0 auto;"&gt;Access your personalized dashboard and manage your preferences securely and conveniently.&lt;/p&gt;
    &lt;/div&gt;
  &lt;/div&gt;
&lt;/div&gt;

&lt;div style="display: flex; flex-wrap: wrap; min-height: auto;" class="row sectionBlockLayout" data-component-theme="portalThemeColor"&gt;
  &lt;div class="container"&gt;
    &lt;div style="flex-grow: 1; display: flex; flex-direction: column; margin: 40px 0px; padding: 30px;" class="col-md-6 columnBlockLayout"&gt;
      &lt;h2&gt;Why Sign In?&lt;/h2&gt;
      &lt;p&gt;Signing in allows you to unlock exclusive features, track your activities, and receive personalized updates tailored just for you. Your security is our priority, ensuring your data is protected at all times.&lt;/p&gt;
      &lt;button class="button1"&gt;Create New Account&lt;/button&gt;
    &lt;/div&gt;
    &lt;div style="flex-grow: 1; display: flex; flex-direction: column; margin: 40px 0px; padding: 30px;" class="col-md-6 columnBlockLayout"&gt;&lt;img style="width: 100%; height: auto; border-radius: 6px;" alt="Person signing in on laptop" src="/SignIn.jpg" /&gt;&lt;/div&gt;
  &lt;/div&gt;
&lt;/div&gt;

&lt;div style="display: flex; flex-wrap: wrap; min-height: auto;" class="row sectionBlockLayout" data-component-theme="portalThemeColor"&gt;
  &lt;div class="container"&gt;
    &lt;div style="flex-grow: 1; display: flex; flex-direction: column; margin: 30px 0px; padding: 20px;" class="col-md-4 columnBlockLayout"&gt;
      &lt;img style="width: 100%; height: auto; border-radius: 4px;" alt="Secure lock icon" src="/SignIn-2.jpg" /&gt;
      &lt;h3&gt;Security&lt;/h3&gt;
      &lt;p&gt;We use advanced encryption and multi-factor authentication to keep your account safe.&lt;/p&gt;
    &lt;/div&gt;
    &lt;div style="flex-grow: 1; display: flex; flex-direction: column; margin: 30px 0px; padding: 20px;" class="col-md-4 columnBlockLayout"&gt;
      &lt;img style="width: 100%; height: auto; border-radius: 4px;" alt="24/7 access icon" src="/SignIn-3.jpg" /&gt;
      &lt;h3&gt;Anytime Access&lt;/h3&gt;
      &lt;p&gt;Sign in anytime, anywhere, on any device to stay connected with your account.&lt;/p&gt;
    &lt;/div&gt;
    &lt;div style="flex-grow: 1; display: flex; flex-direction: column; margin: 30px 0px; padding: 20px;" class="col-md-4 columnBlockLayout"&gt;
      &lt;img style="width: 100%; height: auto; border-radius: 4px;" alt="Customized dashboard" src="/SignIn-4.jpg" /&gt;
      &lt;h3&gt;Personalized Experience&lt;/h3&gt;
      &lt;p&gt;Customize your settings and preferences to make your experience uniquely yours.&lt;/p&gt;
    &lt;/div&gt;
  &lt;/div&gt;
&lt;/div&gt;
User Access-deleted</searchcontent>
  <statecode>1</statecode>
  <statuscode>2</statuscode>
</powerpagecomponent>