<powerpagecomponent powerpagecomponentid="30cbccd8-70cb-f011-8544-6045bde7fb3a">
  <content>{
  "partialurl": "/team-lookup.js",
  "excludefromsearch": false,
  "hiddenfromsitemap": false,
  "contentdisposition": 756150000,
  "publishingstateid": "61fe0133-539e-405b-8bb5-b47990a1b0e6"
}</content>
  <iscustomizable>1</iscustomizable>
  <name>team-lookup.js</name>
  <powerpagecomponenttype>3</powerpagecomponenttype>
  <powerpagesiteid>
    <powerpagesiteid>5f70b5df-786c-4df3-b1e8-a2c69a2888e3</powerpagesiteid>
  </powerpagesiteid>
  <statecode>0</statecode>
  <statuscode>1</statuscode>
</powerpagecomponent>