<powerpagecomponent powerpagecomponentid="27939b48-bbca-f011-8544-6045bde7fb3a">
  <content>{
  "prepopulatefromattribute": "emailaddress1",
  "attributelogicalname": "niq_teamid",
  "type": 100000000,
  "fieldisrequired": false,
  "useattributedescriptionproperty": true,
  "descriptionposition": 100000000,
  "adddescription": false,
  "setvalueonsave": false,
  "ignoredefaultvalue": false,
  "randomizeoptionsetvalues": false,
  "entityformforcreate": "7ebc0080-bcb1-4363-82f9-f967562f37ef",
  "entityform": "7ebc0080-bcb1-4363-82f9-f967562f37ef"
}</content>
  <iscustomizable>1</iscustomizable>
  <name>Team Members niq_teamid</name>
  <powerpagecomponenttype>16</powerpagecomponenttype>
  <powerpagesiteid>
    <powerpagesiteid>5f70b5df-786c-4df3-b1e8-a2c69a2888e3</powerpagesiteid>
  </powerpagesiteid>
  <statecode>0</statecode>
  <statuscode>1</statuscode>
</powerpagecomponent>