<powerpagecomponent powerpagecomponentid="3342f923-16b8-9eae-292c-5d10611d5ede">
  <content>{
  "filecontent": null,
  "displayorder": null,
  "customcss": "",
  "customjavascript": "/** Utility: read query param */\r\nfunction getQueryParam(name) {\r\n  return new URLSearchParams(window.location.search).get(name);\r\n}\r\n\r\n/** Debounce helper to avoid rapid duplicate updates */\r\nfunction debounce(fn, wait) {\r\n  let t;\r\n  return function() {\r\n    const ctx = this, args = arguments;\r\n    clearTimeout(t);\r\n    t = setTimeout(() =&gt; fn.apply(ctx, args), wait);\r\n  };\r\n}\r\n\r\n/** Format the invite name as: \"Invitation from &lt;team name&gt;\" */\r\nfunction formatInviteName(teamName) {\r\n  if (!teamName) return \"\";\r\n  return `Invitation from ${teamName}`;\r\n}\r\n\r\nfunction setNameFromContact() {\r\n  try {\r\n    var teamId   = $('#niq_team').val() || '';\r\n    var teamName = $('#niq_team_name').val() || '';\r\n\r\n    if (teamId &amp;&amp; teamName) {\r\n      $('#niq_name').val(formatInviteName(teamName));\r\n    } else if (!teamId) {\r\n      // If team is cleared, clear niq_name as well.\r\n      $('#niq_name').val('');\r\n    }\r\n  } catch (e) {\r\n    console.warn('setNameFromTeam error:', e);\r\n  }\r\n}\r\n\r\n$(document).ready(function () {\r\n\r\n  // Read query params\r\n  var teamId    = getQueryParam(\"teamid\");     // Current Team GUID\r\n  var rawTeamNm = getQueryParam(\"teamname\");   // Current Team Name (URL-encoded)\r\n  var teamName  = rawTeamNm ? decodeURIComponent(rawTeamNm) : rawTeamNm;\r\n\r\n  // Populate lookup backing inputs\r\n  $(\"#niq_team\").val(teamId);                        // GUID of the team\r\n  $(\"#niq_team_name\").val(teamName);                 // Display name of the team\r\n  $(\"#niq_team_entityname\").val(\"niq_team\");         // Logical entity name\r\n  $(\"#niq_team_name\").prop(\"readonly\", true);        // Keep as you had\r\n\r\n  // Hide the lookup picker button (after widget initializes)\r\n  setTimeout(function () {\r\n    $('#niq_team_name').closest('.input-group').find('button').hide();\r\n  }, 1000);\r\n\r\n  // Make niq_name read-only\r\n  $('#niq_name').prop('readonly', true);\r\n\r\n  // Initial sync (if form loads with preselected team)\r\n  setNameFromContact();\r\n\r\n  // Update niq_name whenever the team lookup changes\r\n  $('#niq_team, #niq_team_name').on('change input', debounce(setNameFromContact, 150));\r\n\r\n  // Light polling to catch async lookup updates\r\n  var elapsed = 0, poll = setInterval(function () {\r\n    elapsed += 200;\r\n    setNameFromContact();\r\n    if (elapsed &gt;= 4000) clearInterval(poll); // stop after ~4s\r\n  }, 200);\r\n\r\n  // MutationObserver fallback if theme updates the value via attributes\r\n  var teamNameInput = document.getElementById('niq_team_name');\r\n  if (teamNameInput &amp;&amp; 'MutationObserver' in window) {\r\n    var lastVal = teamNameInput.value;\r\n    var obs = new MutationObserver(function() {\r\n      if (teamNameInput.value !== lastVal) {\r\n        lastVal = teamNameInput.value;\r\n        setNameFromContact();\r\n      }\r\n    });\r\n    obs.observe(teamNameInput, { attributes: true, attributeFilter: ['value'] });\r\n  }\r\n});\r\n\r\n",
  "pagetemplateid": "4ea1f15e-c322-4fa2-a981-958d00d40b3b",
  "parentpageid": "5b262195-06e7-4524-99bd-8dd51e0e8b54",
  "partialurl": "Invite-Member",
  "isroot": false,
  "rootwebpageid": "95940315-add7-ea0c-f2bc-b826c4e49732",
  "title": "Invite Member",
  "summary": "&lt;p&gt;This is a sample landing page designed to be a starting point for your website&lt;/p&gt;",
  "copy": "&lt;div class=\"row sectionBlockLayout text-start\" style=\"display: flex; flex-wrap: wrap; margin: 0px; min-height: auto; padding: 8px;\"&gt;\n  &lt;div class=\"container\" style=\"display: flex; flex-wrap: wrap;\"&gt;&lt;div class=\"col-lg-12 columnBlockLayout\" style=\"flex-grow: 1; display: flex; flex-direction: column; min-width: 250px; padding: 16px; margin: 60px 0px;\"&gt;{% entityform name: 'Invite member' %}&lt;/div&gt;&lt;/div&gt;\n&lt;/div&gt;\n&lt;script&gt;\n  document.addEventListener(\"DOMContentLoaded\", () =&gt; {\n    document.querySelector(\".navbar\")?.remove();\n    document.querySelector(\"footer\")?.remove();\n  });\n&lt;/script&gt;\n",
  "publishingstateid": "61fe0133-539e-405b-8bb5-b47990a1b0e6",
  "enablerating": false,
  "enabletracking": false,
  "excludefromsearch": false,
  "hiddenfromsitemap": true,
  "sharedpageconfiguration": false
}</content>
  <iscustomizable>1</iscustomizable>
  <name>Invite Member</name>
  <powerpagecomponenttype>2</powerpagecomponenttype>
  <powerpagesiteid>
    <powerpagesiteid>5f70b5df-786c-4df3-b1e8-a2c69a2888e3</powerpagesiteid>
  </powerpagesiteid>
  <powerpagesitelanguageid>
    <powerpagesitelanguageid>5ffe60b9-5500-41db-b38a-c180cf7a1562</powerpagesitelanguageid>
  </powerpagesitelanguageid>
  <searchcontent>Invite Member&lt;div class="row sectionBlockLayout text-start" style="display: flex; flex-wrap: wrap; margin: 0px; min-height: auto; padding: 8px;"&gt;
  &lt;div class="container" style="display: flex; flex-wrap: wrap;"&gt;&lt;div class="col-lg-12 columnBlockLayout" style="flex-grow: 1; display: flex; flex-direction: column; min-width: 250px; padding: 16px; margin: 60px 0px;"&gt;{% entityform name: 'Invite member' %}&lt;/div&gt;&lt;/div&gt;
&lt;/div&gt;
&lt;script&gt;
  document.addEventListener("DOMContentLoaded", () =&gt; {
    document.querySelector(".navbar")?.remove();
    document.querySelector("footer")?.remove();
  });
&lt;/script&gt;
Invite Member</searchcontent>
  <statecode>0</statecode>
  <statuscode>1</statuscode>
</powerpagecomponent>