<powerpagecomponent powerpagecomponentid="3b7ab84c-51c9-4078-9f12-70d941a5337c">
  <content>{
  "displayorder": 1,
  "weblinksetid": "69c1c36e-3b0e-4255-90ed-c842276748b5",
  "pageid": "5b262195-06e7-4524-99bd-8dd51e0e8b54",
  "publishingstateid": "61fe0133-539e-405b-8bb5-b47990a1b0e6"
}</content>
  <iscustomizable>1</iscustomizable>
  <name>Home</name>
  <powerpagecomponenttype>5</powerpagecomponenttype>
  <powerpagesiteid>
    <powerpagesiteid>5f70b5df-786c-4df3-b1e8-a2c69a2888e3</powerpagesiteid>
  </powerpagesiteid>
  <statecode>0</statecode>
  <statuscode>1</statuscode>
</powerpagecomponent>