<powerpagecomponent powerpagecomponentid="266d84d6-7015-4014-afef-14fd1019b42f">
  <content>{"contentdisposition":756150000,"enabletracking":false,"excludefromsearch":false,"hiddenfromsitemap":false,"parentpageid":"5b262195-06e7-4524-99bd-8dd51e0e8b54","partialurl":"Circle-2.png","publishingstateid":"61fe0133-539e-405b-8bb5-b47990a1b0e6"}</content>
  <filecontent mimetype="application/octet-stream">Circle-2.png</filecontent>
  <iscustomizable>1</iscustomizable>
  <name>Circle-2.png</name>
  <powerpagecomponenttype>3</powerpagecomponenttype>
  <powerpagesiteid>
    <powerpagesiteid>5f70b5df-786c-4df3-b1e8-a2c69a2888e3</powerpagesiteid>
  </powerpagesiteid>
  <statecode>0</statecode>
  <statuscode>1</statuscode>
</powerpagecomponent>