<powerpagecomponent powerpagecomponentid="0df10459-6e38-4ba6-b688-9bfad81ee306">
  <content>{"copy":"&lt;div class=\"row sectionBlockLayout\" style=\"display: flex; flex-wrap: wrap; text-align: left; min-height: 150px; padding: 8px; margin: 0px;\"&gt;\r\n    &lt;div class=\"container\" style=\"display: flex; flex-wrap: wrap;\"&gt;\r\n        &lt;div class=\"col-lg-12 columnBlockLayout\" style=\"flex-grow: 1; min-width: 300px; display: flex; flex-direction: column; margin: 50px 0px;\"&gt;\r\n            &lt;h1 style=\"font-size: 28px; margin: 0px auto 7px; font-family: 'Segoe UI'; line-height: 37px; color: rgb(0, 0, 0); outline: rgb(255, 255, 255) solid 1.5px; text-align: center;\"&gt;\r\n                You’re not connected to the internet\r\n            &lt;/h1&gt;\r\n            &lt;p style=\"text-align: center;\"&gt;\r\n                &lt;span style=\"font-family: 'Segoe UI'; font-size: 14px; text-align: center; position: relative;\"&gt;\r\n                    Check your connection settings to browse this site\r\n                &lt;/span&gt;\r\n            &lt;/p&gt;\r\n        &lt;/div&gt;\r\n    &lt;/div&gt;\r\n&lt;/div&gt;\r\n&lt;div class=\"row sectionBlockLayout text-start\" style=\"display: flex; flex-wrap: wrap; margin: 0px; min-height: auto; padding: 8px;\"&gt;\r\n    &lt;div class=\"container\" style=\"padding: 0px; display: flex; flex-wrap: wrap; column-gap: 0px;\"&gt;\r\n        &lt;div class=\"col-lg-4 columnBlockLayout\" style=\"flex-grow: 1; display: flex; flex-direction: column; min-width: 300px; margin: 0px; width: calc(33.3333% - 0px);\"&gt;&lt;/div&gt;\r\n        &lt;div class=\"col-lg-4 columnBlockLayout\" style=\"flex-grow: 1; display: flex; flex-direction: column; min-width: 300px; margin: 0px; width: calc(33.3333% - 0px);\"&gt;&lt;img src=\"/OfflinePage.png\" alt=\"\" name=\"OfflinePage.png\" style=\"width: 100%; height: auto; max-width: 100%;\"&gt;&lt;/div&gt;\r\n        &lt;div class=\"col-lg-4 columnBlockLayout\" style=\"flex-grow: 1; display: flex; flex-direction: column; min-width: 300px; margin: 0px; width: calc(33.3333% - 0px);\"&gt;&lt;/div&gt;\r\n    &lt;/div&gt;\r\n&lt;/div&gt;","enablerating":false,"enabletracking":false,"excludefromsearch":false,"feedbackpolicy":756150000,"hiddenfromsitemap":false,"isroot":false,"pagetemplateid":"4ea1f15e-c322-4fa2-a981-958d00d40b3b","parentpageid":"5b262195-06e7-4524-99bd-8dd51e0e8b54","partialurl":"default-offline-page","publishingstateid":"61fe0133-539e-405b-8bb5-b47990a1b0e6","rootwebpageid":"4af6f132-0f94-43d0-9700-c0764b2b9813","sharedpageconfiguration":true,"summary":"&lt;p&gt;Offline error page&lt;/p&gt;","title":"Default Offline Page"}</content>
  <iscustomizable>1</iscustomizable>
  <name>Default Offline Page</name>
  <powerpagecomponenttype>2</powerpagecomponenttype>
  <powerpagesiteid>
    <powerpagesiteid>5f70b5df-786c-4df3-b1e8-a2c69a2888e3</powerpagesiteid>
  </powerpagesiteid>
  <powerpagesitelanguageid>
    <powerpagesitelanguageid>5ffe60b9-5500-41db-b38a-c180cf7a1562</powerpagesitelanguageid>
  </powerpagesitelanguageid>
  <searchcontent>Default Offline Page&lt;div class="row sectionBlockLayout" style="display: flex; flex-wrap: wrap; text-align: left; min-height: 150px; padding: 8px; margin: 0px;"&gt;
    &lt;div class="container" style="display: flex; flex-wrap: wrap;"&gt;
        &lt;div class="col-lg-12 columnBlockLayout" style="flex-grow: 1; min-width: 300px; display: flex; flex-direction: column; margin: 50px 0px;"&gt;
            &lt;h1 style="font-size: 28px; margin: 0px auto 7px; font-family: 'Segoe UI'; line-height: 37px; color: rgb(0, 0, 0); outline: rgb(255, 255, 255) solid 1.5px; text-align: center;"&gt;
                You’re not connected to the internet
            &lt;/h1&gt;
            &lt;p style="text-align: center;"&gt;
                &lt;span style="font-family: 'Segoe UI'; font-size: 14px; text-align: center; position: relative;"&gt;
                    Check your connection settings to browse this site
                &lt;/span&gt;
            &lt;/p&gt;
        &lt;/div&gt;
    &lt;/div&gt;
&lt;/div&gt;
&lt;div class="row sectionBlockLayout text-start" style="display: flex; flex-wrap: wrap; margin: 0px; min-height: auto; padding: 8px;"&gt;
    &lt;div class="container" style="padding: 0px; display: flex; flex-wrap: wrap; column-gap: 0px;"&gt;
        &lt;div class="col-lg-4 columnBlockLayout" style="flex-grow: 1; display: flex; flex-direction: column; min-width: 300px; margin: 0px; width: calc(33.3333% - 0px);"&gt;&lt;/div&gt;
        &lt;div class="col-lg-4 columnBlockLayout" style="flex-grow: 1; display: flex; flex-direction: column; min-width: 300px; margin: 0px; width: calc(33.3333% - 0px);"&gt;&lt;img src="/OfflinePage.png" alt="" name="OfflinePage.png" style="width: 100%; height: auto; max-width: 100%;"&gt;&lt;/div&gt;
        &lt;div class="col-lg-4 columnBlockLayout" style="flex-grow: 1; display: flex; flex-direction: column; min-width: 300px; margin: 0px; width: calc(33.3333% - 0px);"&gt;&lt;/div&gt;
    &lt;/div&gt;
&lt;/div&gt;Default Offline Page</searchcontent>
  <statecode>0</statecode>
  <statuscode>1</statuscode>
</powerpagecomponent>