<powerpagecomponent powerpagecomponentid="eb163d23-7298-f5c9-6d96-a1cbbdce2c9f">
  <content>{
  "filecontent": null,
  "displayorder": null,
  "customcss": "",
  "customjavascript": "",
  "pagetemplateid": "4ea1f15e-c322-4fa2-a981-958d00d40b3b",
  "parentpageid": "5b262195-06e7-4524-99bd-8dd51e0e8b54",
  "partialurl": "asdfsf-deleted",
  "isroot": false,
  "rootwebpageid": "2814c878-be02-dac3-40fe-91a75803e538",
  "title": "asdfsf",
  "summary": "&lt;p&gt;This is a sample landing page designed to be a starting point for your website&lt;/p&gt;",
  "copy": "{% assign currentUserId = user.contact.id | default: user.id %} {% if currentUserId == nil or currentUserId == '' %}\n&lt;p&gt;Please sign in to see your teams.&lt;/p&gt;\n{% else %} {% fetchxml teams %}\n&lt;fetch&gt;\n  &lt;entity name=\"niq_team\"&gt;\n    &lt;attribute name=\"niq_teamid\" /&gt;\n    &lt;attribute name=\"niq_name\" /&gt;\n    &lt;attribute name=\"niq_description\" /&gt;\n    &lt;link-entity name=\"niq_teammember\" from=\"niq_team\" to=\"niq_teamid\" alias=\"tm\"&gt;\n      &lt;filter type=\"and\"&gt;\n        &lt;condition attribute=\"niq_contact\" operator=\"eq\" value=\"{{ currentUserId }}\" /&gt;\n      &lt;/filter&gt;\n    &lt;/link-entity&gt;\n  &lt;/entity&gt;\n&lt;/fetch&gt;\n{% endfetchxml %}\n\n&lt;div class=\"container\"&gt;\n  &lt;h3&gt;Your Teams (debug)&lt;/h3&gt;\n\n  &lt;table class=\"table table-striped\"&gt;\n    &lt;thead&gt;\n      &lt;tr&gt;\n        &lt;th&gt;Name&lt;/th&gt;\n        &lt;th&gt;Description&lt;/th&gt;\n        &lt;th&gt;TeamId (debug)&lt;/th&gt;\n        &lt;th&gt;View Details&lt;/th&gt;\n      &lt;/tr&gt;\n    &lt;/thead&gt;\n    &lt;tbody&gt;\n      {% for team in teams.results.entities %}\n      &lt;tr&gt;\n        &lt;td&gt;{{ team.niq_name }}&lt;/td&gt;\n        &lt;td&gt;{{ team.niq_description }}&lt;/td&gt;\n        &lt;td&gt;&lt;code&gt;{{ team.niq_teamid }}&lt;/code&gt;&lt;/td&gt;\n        &lt;td&gt;\n          &lt;!-- IMPORTANT: pass teamid in querystring --&gt;\n          &lt;button class=\"btn btn-sm btn-secondary\" type=\"button\" onclick=\"window.location.href='/Team-Members?teamid={{ team.niq_teamid | url_encode }}'\"&gt;View Details&lt;/button&gt;\n        &lt;/td&gt;\n      &lt;/tr&gt;\n      {% endfor %} {% if teams.results.entities.size == 0 %}\n      &lt;tr&gt;\n        &lt;td colspan=\"4\"&gt;No teams found.&lt;/td&gt;\n      &lt;/tr&gt;\n      {% endif %}\n    &lt;/tbody&gt;\n  &lt;/table&gt;\n&lt;/div&gt;\n{% endif %}\n&lt;div class=\"row sectionBlockLayout text-start\" style=\"display: flex; flex-wrap: wrap; margin: 0px; min-height: auto; padding: 8px;\"&gt;\n  &lt;div class=\"container\" style=\"padding: 0px; display: flex; flex-wrap: wrap;\"&gt;&lt;div class=\"col-lg-12 columnBlockLayout\" style=\"flex-grow: 1; display: flex; flex-direction: column; min-width: 250px;\"&gt;{% include 'entity_list' key: 'Active Team Members' AISummaryTitle:'AI Insights' isAISummaryExpanded:'true' AISummaryChartTypes:'[1,2,3,4,5]' isAISummaryEnabled:'true' %}&lt;/div&gt;&lt;/div&gt;\n&lt;/div&gt;\n",
  "publishingstateid": "61fe0133-539e-405b-8bb5-b47990a1b0e6",
  "enablerating": false,
  "enabletracking": false,
  "excludefromsearch": false,
  "hiddenfromsitemap": true,
  "sharedpageconfiguration": false
}</content>
  <iscustomizable>1</iscustomizable>
  <name>asdfsf-deleted</name>
  <powerpagecomponenttype>2</powerpagecomponenttype>
  <powerpagesiteid>
    <powerpagesiteid>5f70b5df-786c-4df3-b1e8-a2c69a2888e3</powerpagesiteid>
  </powerpagesiteid>
  <powerpagesitelanguageid>
    <powerpagesitelanguageid>5ffe60b9-5500-41db-b38a-c180cf7a1562</powerpagesitelanguageid>
  </powerpagesitelanguageid>
  <searchcontent>asdfsf{% assign currentUserId = user.contact.id | default: user.id %} {% if currentUserId == nil or currentUserId == '' %}
&lt;p&gt;Please sign in to see your teams.&lt;/p&gt;
{% else %} {% fetchxml teams %}
&lt;fetch&gt;
  &lt;entity name="niq_team"&gt;
    &lt;attribute name="niq_teamid" /&gt;
    &lt;attribute name="niq_name" /&gt;
    &lt;attribute name="niq_description" /&gt;
    &lt;link-entity name="niq_teammember" from="niq_team" to="niq_teamid" alias="tm"&gt;
      &lt;filter type="and"&gt;
        &lt;condition attribute="niq_contact" operator="eq" value="{{ currentUserId }}" /&gt;
      &lt;/filter&gt;
    &lt;/link-entity&gt;
  &lt;/entity&gt;
&lt;/fetch&gt;
{% endfetchxml %}

&lt;div class="container"&gt;
  &lt;h3&gt;Your Teams (debug)&lt;/h3&gt;

  &lt;table class="table table-striped"&gt;
    &lt;thead&gt;
      &lt;tr&gt;
        &lt;th&gt;Name&lt;/th&gt;
        &lt;th&gt;Description&lt;/th&gt;
        &lt;th&gt;TeamId (debug)&lt;/th&gt;
        &lt;th&gt;View Details&lt;/th&gt;
      &lt;/tr&gt;
    &lt;/thead&gt;
    &lt;tbody&gt;
      {% for team in teams.results.entities %}
      &lt;tr&gt;
        &lt;td&gt;{{ team.niq_name }}&lt;/td&gt;
        &lt;td&gt;{{ team.niq_description }}&lt;/td&gt;
        &lt;td&gt;&lt;code&gt;{{ team.niq_teamid }}&lt;/code&gt;&lt;/td&gt;
        &lt;td&gt;
          &lt;!-- IMPORTANT: pass teamid in querystring --&gt;
          &lt;button class="btn btn-sm btn-secondary" type="button" onclick="window.location.href='/Team-Members?teamid={{ team.niq_teamid | url_encode }}'"&gt;View Details&lt;/button&gt;
        &lt;/td&gt;
      &lt;/tr&gt;
      {% endfor %} {% if teams.results.entities.size == 0 %}
      &lt;tr&gt;
        &lt;td colspan="4"&gt;No teams found.&lt;/td&gt;
      &lt;/tr&gt;
      {% endif %}
    &lt;/tbody&gt;
  &lt;/table&gt;
&lt;/div&gt;
{% endif %}
&lt;div class="row sectionBlockLayout text-start" style="display: flex; flex-wrap: wrap; margin: 0px; min-height: auto; padding: 8px;"&gt;
  &lt;div class="container" style="padding: 0px; display: flex; flex-wrap: wrap;"&gt;&lt;div class="col-lg-12 columnBlockLayout" style="flex-grow: 1; display: flex; flex-direction: column; min-width: 250px;"&gt;{% include 'entity_list' key: 'Active Team Members' AISummaryTitle:'AI Insights' isAISummaryExpanded:'true' AISummaryChartTypes:'[1,2,3,4,5]' isAISummaryEnabled:'true' %}&lt;/div&gt;&lt;/div&gt;
&lt;/div&gt;
asdfsf-deleted</searchcontent>
  <statecode>1</statecode>
  <statuscode>2</statuscode>
</powerpagecomponent>