<powerpagecomponent powerpagecomponentid="6b9ffd43-f674-4b20-b683-6b8920e89dc0">
  <content>{
  "filecontent": null,
  "lcid": 1033,
  "entityname": "niq_summary",
  "formname": "Information",
  "mode": 100000001,
  "onsuccess": "756150000",
  "successmessage": "[{\"LCID\":1033,\"Value\":\"Status Updated Successfully\"}]",
  "hideformonsuccess": true,
  "redirectwebpage": null,
  "redirecturl": null,
  "captcharequired": false,
  "showcaptchaforauthenticatedusers": false,
  "entitypermissionsenabled": true,
  "attachfilelabel": "[{\"LCID\":1033,\"Value\":\"\"}]",
  "attachfilestoragelocation": 756150000,
  "attachfilemaxsize": null,
  "maximumnooffiles": 5,
  "containername": "",
  "storageaccountname": "",
  "entitysourcetype": "756150001",
  "recordidquerystringparametername": "id",
  "entityFormMetadatas": []
}</content>
  <iscustomizable>1</iscustomizable>
  <name>Edit Summary</name>
  <powerpagecomponenttype>15</powerpagecomponenttype>
  <powerpagesiteid>
    <powerpagesiteid>5f70b5df-786c-4df3-b1e8-a2c69a2888e3</powerpagesiteid>
  </powerpagesiteid>
  <statecode>0</statecode>
  <statuscode>1</statuscode>
</powerpagecomponent>