<powerpagecomponent powerpagecomponentid="aa4170ec-2a3a-18fe-ed5d-59bd19da5c8f">
  <content>{"filecontent":null,"displayorder":null,"customcss":"","customjavascript":"$(document).ready(function () {\r\n    // Get values injected by Liquid\r\n    var userId = $(\"#currentUserId\").val();\r\n    var userName = $(\"#currentUserName\").val();\r\n    console.log(\"username\",userId,userName)\r\n    $(\"#niq_createdby\").val(userId);\r\n    $(\"#niq_createdby_name\").val(userName);\r\n    $(\"#niq_createdby_entityname\").val(\"contact\");\r\n});\r\n$(document).ready(function () {\r\n    setTimeout(function () {\r\n        $('#niq_createdby_name').closest('.input-group').find('button').hide();\r\n    }, 1000);\r\n});","pagetemplateid":"4ea1f15e-c322-4fa2-a981-958d00d40b3b","parentpageid":"5b262195-06e7-4524-99bd-8dd51e0e8b54","partialurl":"Create-Team","isroot":false,"rootwebpageid":"a51e824e-b082-4d41-99b1-ce3583a94937","title":"Create Team","summary":"&lt;p&gt;This is a sample landing page designed to be a starting point for your website&lt;/p&gt;","copy":"&lt;div class=\"row sectionBlockLayout text-start\" style=\"display: flex; flex-wrap: wrap; margin: 0px; min-height: auto; padding: 8px;\"&gt;\n  &lt;div class=\"container\" style=\"display: flex; flex-wrap: wrap;\"&gt;&lt;div class=\"col-lg-12 columnBlockLayout\" style=\"flex-grow: 1; display: flex; flex-direction: column; min-width: 250px; padding: 16px; margin: 60px 0px;\"&gt;{% entityform name: 'Create Team (2)' %}&lt;/div&gt;&lt;/div&gt;\n&lt;!-- Hidden fields to hold current user info --&gt;\n&lt;input type=\"hidden\" id=\"currentUserId\" value=\"{{ user.id }}\" /&gt;\n&lt;input type=\"hidden\" id=\"currentUserName\" value=\"{{ user.fullname }}\" /&gt;\n\n&lt;/div&gt;\n&lt;script&gt;\n  document.addEventListener(\"DOMContentLoaded\", () =&gt; {\n    document.querySelector(\".navbar\")?.remove();\n    document.querySelector(\"footer\")?.remove();\n  });\n&lt;/script&gt;","publishingstateid":"61fe0133-539e-405b-8bb5-b47990a1b0e6","enablerating":false,"enabletracking":false,"excludefromsearch":false,"hiddenfromsitemap":true,"sharedpageconfiguration":false}</content>
  <iscustomizable>1</iscustomizable>
  <name>Create Team</name>
  <powerpagecomponenttype>2</powerpagecomponenttype>
  <powerpagesiteid>
    <powerpagesiteid>5f70b5df-786c-4df3-b1e8-a2c69a2888e3</powerpagesiteid>
  </powerpagesiteid>
  <powerpagesitelanguageid>
    <powerpagesitelanguageid>5ffe60b9-5500-41db-b38a-c180cf7a1562</powerpagesitelanguageid>
  </powerpagesitelanguageid>
  <searchcontent>Create Team&lt;div class="row sectionBlockLayout text-start" style="display: flex; flex-wrap: wrap; margin: 0px; min-height: auto; padding: 8px;"&gt;
  &lt;div class="container" style="display: flex; flex-wrap: wrap;"&gt;&lt;div class="col-lg-12 columnBlockLayout" style="flex-grow: 1; display: flex; flex-direction: column; min-width: 250px; padding: 16px; margin: 60px 0px;"&gt;{% entityform name: 'Create Team (2)' %}&lt;/div&gt;&lt;/div&gt;
&lt;!-- Hidden fields to hold current user info --&gt;
&lt;input type="hidden" id="currentUserId" value="{{ user.id }}" /&gt;
&lt;input type="hidden" id="currentUserName" value="{{ user.fullname }}" /&gt;

&lt;/div&gt;
&lt;script&gt;
  document.addEventListener("DOMContentLoaded", () =&gt; {
    document.querySelector(".navbar")?.remove();
    document.querySelector("footer")?.remove();
  });
&lt;/script&gt;Create Team</searchcontent>
  <statecode>0</statecode>
  <statuscode>1</statuscode>
</powerpagecomponent>