<powerpagecomponent powerpagecomponentid="ec58e572-f26e-40d4-9095-2ea5280b7211">
  <content>{
  "filecontent": null,
  "lcid": 1033,
  "entityname": "niq_teaminvite",
  "formname": "Information",
  "mode": 100000001,
  "onsuccess": "756150000",
  "hideformonsuccess": true,
  "redirectwebpage": null,
  "redirecturl": null,
  "captcharequired": true,
  "showcaptchaforauthenticatedusers": true,
  "entitypermissionsenabled": true,
  "attachfilestoragelocation": 756150000,
  "attachfilemaxsize": null,
  "maximumnooffiles": 5,
  "geolocation_maptype": 756150000,
  "recordidquerystringparametername": "id",
  "entitysourcetype": "756150001",
  "entityFormMetadatas": [],
  "successmessage": "[{\"LCID\":1033,\"Value\":\"\"}]",
  "attachfilelabel": "[{\"LCID\":1033,\"Value\":\"\"}]"
}</content>
  <iscustomizable>1</iscustomizable>
  <name>Information (2)</name>
  <powerpagecomponenttype>15</powerpagecomponenttype>
  <powerpagesiteid>
    <powerpagesiteid>5f70b5df-786c-4df3-b1e8-a2c69a2888e3</powerpagesiteid>
  </powerpagesiteid>
  <statecode>0</statecode>
  <statuscode>1</statuscode>
</powerpagecomponent>