<powerpagecomponent powerpagecomponentid="a8625504-32cc-453a-88bc-2e8ee9da63ca">
  <content>{"adx_webpageaccesscontrolrule_webrole":["79cf8f21-311a-4de2-84d8-54c0a5ae524d"],"right":1,"scope":1,"webpageid":"5b262195-06e7-4524-99bd-8dd51e0e8b54"}</content>
  <iscustomizable>1</iscustomizable>
  <name>Grant Change to Administrators</name>
  <powerpagecomponenttype>10</powerpagecomponenttype>
  <powerpagesiteid>
    <powerpagesiteid>5f70b5df-786c-4df3-b1e8-a2c69a2888e3</powerpagesiteid>
  </powerpagesiteid>
  <statecode>0</statecode>
  <statuscode>1</statuscode>
</powerpagecomponent>