<powerpagecomponent powerpagecomponentid="8ab5ed92-7ca5-4075-89d8-f5dda6e765c1">
  <content>{
  "lcid": 1033,
  "entityname": "niq_expense",
  "formname": "Expense Form",
  "mode": 100000001,
  "onsuccess": "756150000",
  "successmessage": "[{\"LCID\":1033,\"Value\":\"Expense Updated Successfully\"}]",
  "hideformonsuccess": true,
  "redirectwebpage": null,
  "redirecturl": null,
  "captcharequired": false,
  "showcaptchaforauthenticatedusers": false,
  "entitypermissionsenabled": true,
  "attachfilelabel": "",
  "attachfilestoragelocation": 756150000,
  "attachfilemaxsize": null,
  "maximumnooffiles": 5,
  "containername": "",
  "storageaccountname": "",
  "entitysourcetype": "756150001",
  "recordidquerystringparametername": "id"
}</content>
  <iscustomizable>1</iscustomizable>
  <name>Edit Expense</name>
  <powerpagecomponenttype>15</powerpagecomponenttype>
  <powerpagesiteid>
    <powerpagesiteid>5f70b5df-786c-4df3-b1e8-a2c69a2888e3</powerpagesiteid>
  </powerpagesiteid>
  <statecode>0</statecode>
  <statuscode>1</statuscode>
</powerpagecomponent>