<powerpagecomponent powerpagecomponentid="bcbd5490-c4b9-40e5-bb8e-aca5e0c6167b">
  <content>{"source":"&lt;div class=\"page-copy\"&gt;\r\n {% editable page 'adx_copy' type: 'html', liquid: true %}\r\n&lt;/div&gt;"}</content>
  <iscustomizable>1</iscustomizable>
  <name>Page Copy</name>
  <powerpagecomponenttype>8</powerpagecomponenttype>
  <powerpagesiteid>
    <powerpagesiteid>5f70b5df-786c-4df3-b1e8-a2c69a2888e3</powerpagesiteid>
  </powerpagesiteid>
  <statecode>0</statecode>
  <statuscode>1</statuscode>
</powerpagecomponent>