<powerpagecomponent powerpagecomponentid="1025aaae-7646-4f77-6729-429092070718">
  <content>{"filecontent":null,"displayorder":4,"customcss":"","customjavascript":"/** Utility: read query param */\r\nfunction getQueryParam(name) {\r\n  return new URLSearchParams(window.location.search).get(name);\r\n}\r\n\r\n/** Debounce helper to avoid rapid duplicate updates */\r\nfunction debounce(fn, wait) {\r\n  let t;\r\n  return function() {\r\n    const ctx = this, args = arguments;\r\n    clearTimeout(t);\r\n    t = setTimeout(() =&gt; fn.apply(ctx, args), wait);\r\n  };\r\n}\r\n\r\nfunction setNameFromContact() {\r\n  try {\r\n    var contactId   = $('#niq_contact').val() || '';\r\n    var contactName = $('#niq_contact_name').val() || '';\r\n\r\n    // Only set when we actually have a selected contact.\r\n    if (contactId &amp;&amp; contactName) {\r\n      $('#niq_name').val(contactName);\r\n    } else if (!contactId) {\r\n      // If contact is cleared, clear niq_name as well.\r\n      // (This preserves intent without changing other features.)\r\n      $('#niq_name').val('');\r\n    }\r\n  } catch (e) {\r\n    console.warn('setNameFromContact error:', e);\r\n  }\r\n}\r\n\r\n$(document).ready(function () {\r\n  \r\n  var teamId   = getQueryParam(\"teamid\");     // Current Team GUID\r\n  var teamName = getQueryParam(\"teamname\");   // Current Team Name\r\n\r\n  $(\"#niq_team\").val(teamId);                       // GUID of the team\r\n  $(\"#niq_team_name\").val(teamName);                // Display name of the team\r\n  $(\"#niq_team_entityname\").val(\"niq_team\");        // Logical entity name\r\n  $(\"#niq_team_name\").prop(\"readonly\", true);       // Keep as you had\r\n\r\n\r\n  setTimeout(function () {\r\n    $('#niq_team_name').closest('.input-group').find('button').hide();\r\n  }, 1000);\r\n\r\n  // Make niq_name read-only (requested)\r\n  $('#niq_name').prop('readonly', true);\r\n\r\n  // Initial sync (in case form loads with a preselected contact)\r\n  setNameFromContact();\r\n\r\n  // Update niq_name whenever the contact lookup changes\r\n  $('#niq_contact, #niq_contact_name').on('change input', debounce(setNameFromContact, 150));\r\n\r\n  // Some lookup widgets update asynchronously—add a light polling window\r\n  var elapsed = 0, poll = setInterval(function () {\r\n    elapsed += 200;\r\n    setNameFromContact();\r\n    if (elapsed &gt;= 4000) clearInterval(poll); // stop after ~4s\r\n  }, 200);\r\n\r\n  // Optional: MutationObserver fallback if your theme reflects lookup value via attributes\r\n  var contactNameInput = document.getElementById('niq_contact_name');\r\n  if (contactNameInput &amp;&amp; 'MutationObserver' in window) {\r\n    var lastVal = contactNameInput.value;\r\n    var obs = new MutationObserver(function() {\r\n      if (contactNameInput.value !== lastVal) {\r\n        lastVal = contactNameInput.value;\r\n        setNameFromContact();\r\n      }\r\n    });\r\n    obs.observe(contactNameInput, { attributes: true, attributeFilter: ['value'] });\r\n  }\r\n});\r\n\r\n","pagetemplateid":"4ea1f15e-c322-4fa2-a981-958d00d40b3b","parentpageid":"485324f1-18f3-4bf3-898b-534a7ed9a8d7","partialurl":"Add-Team-Member","isroot":false,"rootwebpageid":"f1e6b64f-3843-7011-22b7-020ef2c3ff48","title":"Add Team Member","summary":"&lt;p&gt;This is a sample landing page designed to be a starting point for your website&lt;/p&gt;","copy":"&lt;div class=\"row sectionBlockLayout text-start\" style=\"display: flex; flex-wrap: wrap; margin: 0px; min-height: auto; padding: 8px;\"&gt;\n  &lt;div class=\"container\" style=\"display: flex; flex-wrap: wrap;\"&gt;&lt;div class=\"col-lg-12 columnBlockLayout\" style=\"flex-grow: 1; display: flex; flex-direction: column; min-width: 250px; padding: 16px; margin: 60px 0px;\"&gt;{% entityform name: 'Information' %}&lt;/div&gt;&lt;/div&gt;\n&lt;/div&gt;\n&lt;div class=\"row sectionBlockLayout text-start\" style=\"display: flex; flex-wrap: wrap; margin: 0px; min-height: auto; padding: 8px;\"&gt;\n  &lt;div class=\"container\" style=\"padding: 0px; display: flex; flex-wrap: wrap;\"&gt;&lt;div class=\"col-lg-12 columnBlockLayout\" style=\"flex-grow: 1; display: flex; flex-direction: column; min-width: 250px;\"&gt;&lt;/div&gt;&lt;/div&gt;\n&lt;/div&gt;\n&lt;script&gt;\n  document.addEventListener(\"DOMContentLoaded\", () =&gt; {\n    document.querySelector(\".navbar\")?.remove();\n    document.querySelector(\"footer\")?.remove();\n  });\n&lt;/script&gt;\n","publishingstateid":"61fe0133-539e-405b-8bb5-b47990a1b0e6","enablerating":false,"enabletracking":false,"excludefromsearch":false,"hiddenfromsitemap":true,"sharedpageconfiguration":false}</content>
  <iscustomizable>1</iscustomizable>
  <name>Add Team Member</name>
  <powerpagecomponenttype>2</powerpagecomponenttype>
  <powerpagesiteid>
    <powerpagesiteid>5f70b5df-786c-4df3-b1e8-a2c69a2888e3</powerpagesiteid>
  </powerpagesiteid>
  <powerpagesitelanguageid>
    <powerpagesitelanguageid>5ffe60b9-5500-41db-b38a-c180cf7a1562</powerpagesitelanguageid>
  </powerpagesitelanguageid>
  <searchcontent>Add Team Member&lt;div class="row sectionBlockLayout text-start" style="display: flex; flex-wrap: wrap; margin: 0px; min-height: auto; padding: 8px;"&gt;
  &lt;div class="container" style="display: flex; flex-wrap: wrap;"&gt;&lt;div class="col-lg-12 columnBlockLayout" style="flex-grow: 1; display: flex; flex-direction: column; min-width: 250px; padding: 16px; margin: 60px 0px;"&gt;{% entityform name: 'Information' %}&lt;/div&gt;&lt;/div&gt;
&lt;/div&gt;
&lt;div class="row sectionBlockLayout text-start" style="display: flex; flex-wrap: wrap; margin: 0px; min-height: auto; padding: 8px;"&gt;
  &lt;div class="container" style="padding: 0px; display: flex; flex-wrap: wrap;"&gt;&lt;div class="col-lg-12 columnBlockLayout" style="flex-grow: 1; display: flex; flex-direction: column; min-width: 250px;"&gt;&lt;/div&gt;&lt;/div&gt;
&lt;/div&gt;
&lt;script&gt;
  document.addEventListener("DOMContentLoaded", () =&gt; {
    document.querySelector(".navbar")?.remove();
    document.querySelector("footer")?.remove();
  });
&lt;/script&gt;
Add Team Member</searchcontent>
  <statecode>0</statecode>
  <statuscode>1</statuscode>
</powerpagecomponent>