<powerpagecomponent powerpagecomponentid="133f6e9b-1de3-452a-acb0-33e5e1888aed">
  <content>{"source":"&lt;div class=\"container\"&gt;\r\n &lt;div class=\"page-heading\"&gt;\r\n  {% block breadcrumbs %}\r\n      {% include 'Breadcrumbs' %}\r\n    {% endblock %}\r\n  {% block title %}\r\n    {% include 'Page Header' %}\r\n  {% endblock %}\r\n &lt;/div&gt;\r\n &lt;div class=\"row\"&gt;\r\n  &lt;div class=\"col-lg-4 start-column\"&gt;\r\n   {% block left_aside %}{% endblock %}\r\n  &lt;/div&gt;\r\n  &lt;div class=\"col-lg-4 middle-column\"&gt;\r\n   {% block main %}\r\n    {% include 'Page Copy' %}\r\n   {% endblock %}\r\n  &lt;/div&gt;\r\n  &lt;div class=\"col-lg-4 end-column\"&gt;\r\n   {% block right_aside %}{% endblock %}\r\n  &lt;/div&gt;\r\n &lt;/div&gt;\r\n&lt;/div&gt;"}</content>
  <iscustomizable>1</iscustomizable>
  <name>Layout 3 Column</name>
  <powerpagecomponenttype>8</powerpagecomponenttype>
  <powerpagesiteid>
    <powerpagesiteid>5f70b5df-786c-4df3-b1e8-a2c69a2888e3</powerpagesiteid>
  </powerpagesiteid>
  <statecode>0</statecode>
  <statuscode>1</statuscode>
</powerpagecomponent>