<powerpagecomponent powerpagecomponentid="e9d7eaac-8dc6-f011-8544-6045bde7fb3a">
  <content>{
  "filecontent": null,
  "value": "false",
  "source": 0
}</content>
  <iscustomizable>1</iscustomizable>
  <name>Authentication/OpenIdConnect/AzureAD/RebrandDisclaimerEnabled</name>
  <powerpagecomponenttype>9</powerpagecomponenttype>
  <powerpagesiteid>
    <powerpagesiteid>5f70b5df-786c-4df3-b1e8-a2c69a2888e3</powerpagesiteid>
  </powerpagesiteid>
  <statecode>0</statecode>
  <statuscode>1</statuscode>
</powerpagecomponent>