<powerpagecomponent powerpagecomponentid="7696774a-8739-45cc-8cfc-08afc2865295">
  <content>{
  "filecontent": null,
  "lcid": 1033,
  "entityname": "niq_team",
  "formname": "Create Team",
  "mode": 100000000,
  "onsuccess": 756150000,
  "successmessage": "[{\"LCID\":1033,\"Value\":\"Team Updated Successfully\"}]",
  "hideformonsuccess": false,
  "redirectwebpage": null,
  "redirecturl": null,
  "captcharequired": false,
  "showcaptchaforauthenticatedusers": false,
  "entitypermissionsenabled": true,
  "attachfilelabel": "[{\"LCID\":1033,\"Value\":\"\"}]",
  "attachfilestoragelocation": 756150000,
  "attachfilemaxsize": null,
  "maximumnooffiles": 5,
  "entityFormMetadatas": [],
  "geolocation_maptype": 756150000,
  "referencequeryattributelogicalname": "contactid",
  "referencequerystringname": "id",
  "referencerecordsourcerelationshipname": "contact_master_contact",
  "referenceentitysourcetype": 756150001,
  "referenceentityrelationshipname": "niq_team_Createdby_contact",
  "referenceentitylogicalname": "contact",
  "setentityreference": true,
  "associatecurrentportaluser": true,
  "targetentityportaluserlookupattribute": "niq_createdby",
  "referencetargetlookupattributelogicalname": "niq_createdby",
  "populatereferenceentitylookupfield": true,
  "referenceentityshowreadonlyform": false
}</content>
  <iscustomizable>1</iscustomizable>
  <name>Create Team</name>
  <powerpagecomponenttype>15</powerpagecomponenttype>
  <powerpagesiteid>
    <powerpagesiteid>5f70b5df-786c-4df3-b1e8-a2c69a2888e3</powerpagesiteid>
  </powerpagesiteid>
  <statecode>0</statecode>
  <statuscode>1</statuscode>
</powerpagecomponent>