<powerpagecomponent powerpagecomponentid="7ebc0080-bcb1-4363-82f9-f967562f37ef">
  <content>{
  "lcid": 1033,
  "entityname": "niq_team",
  "formname": "Team Members",
  "mode": 100000001,
  "onsuccess": "756150000",
  "successmessage": "",
  "hideformonsuccess": true,
  "redirectwebpage": null,
  "redirecturl": null,
  "captcharequired": false,
  "showcaptchaforauthenticatedusers": false,
  "entitypermissionsenabled": true,
  "attachfilelabel": "",
  "attachfilestoragelocation": 756150000,
  "attachfilemaxsize": null,
  "maximumnooffiles": 5,
  "containername": "",
  "storageaccountname": "",
  "entitysourcetype": "756150001",
  "recordidquerystringparametername": "id"
}</content>
  <iscustomizable>1</iscustomizable>
  <name>Team Members</name>
  <powerpagecomponenttype>15</powerpagecomponenttype>
  <powerpagesiteid>
    <powerpagesiteid>5f70b5df-786c-4df3-b1e8-a2c69a2888e3</powerpagesiteid>
  </powerpagesiteid>
  <statecode>0</statecode>
  <statuscode>1</statuscode>
</powerpagecomponent>