<powerpagecomponent powerpagecomponentid="b73530ce-21ef-4d90-ab9b-49c3d29013c2">
  <content>{
  "parentweblinkid": "4cd38ae1-25f8-4491-9d19-344fff2cb1a4",
  "weblinksetid": "69c1c36e-3b0e-4255-90ed-c842276748b5",
  "pageid": "7a7f9912-fd56-4f50-bef2-0effdbaf4c46",
  "publishingstateid": "61fe0133-539e-405b-8bb5-b47990a1b0e6",
  "openinnewwindow": false,
  "robotsfollowlink": false
}</content>
  <iscustomizable>1</iscustomizable>
  <name>My Teams</name>
  <powerpagecomponenttype>5</powerpagecomponenttype>
  <powerpagesiteid>
    <powerpagesiteid>5f70b5df-786c-4df3-b1e8-a2c69a2888e3</powerpagesiteid>
  </powerpagesiteid>
  <statecode>0</statecode>
  <statuscode>1</statuscode>
</powerpagecomponent>