<powerpagecomponent powerpagecomponentid="ca68abae-f885-4715-ab72-543e2a5e3998">
  <content>{
  "filecontent": null,
  "disablepagevalidation": false,
  "displayimageonly": false,
  "displayorder": 4,
  "displaypagechildlinks": false,
  "openinnewwindow": false,
  "pageid": "7a7f9912-fd56-4f50-bef2-0effdbaf4c46",
  "parentweblinkid": null,
  "publishingstateid": "61fe0133-539e-405b-8bb5-b47990a1b0e6",
  "robotsfollowlink": true,
  "weblinksetid": "aeac877d-396a-4e2b-9afd-08c2bbcc4a92"
}</content>
  <iscustomizable>1</iscustomizable>
  <name>View Teams</name>
  <powerpagecomponenttype>5</powerpagecomponenttype>
  <powerpagesiteid>
    <powerpagesiteid>5f70b5df-786c-4df3-b1e8-a2c69a2888e3</powerpagesiteid>
  </powerpagesiteid>
  <statecode>0</statecode>
  <statuscode>1</statuscode>
</powerpagecomponent>