<powerpagecomponent powerpagecomponentid="9020b626-468a-983d-c33f-79218d73f9a1">
  <content>{
  "filecontent": null,
  "displayorder": null,
  "pagetemplateid": "4ea1f15e-c322-4fa2-a981-958d00d40b3b",
  "parentpageid": "5b262195-06e7-4524-99bd-8dd51e0e8b54",
  "partialurl": "sign-in-deleted",
  "isroot": false,
  "rootwebpageid": "4a308df5-3be1-357c-20ab-9330a0f29431",
  "title": "Access Control",
  "summary": "&lt;p&gt;This is a sample landing page designed to be a starting point for your website&lt;/p&gt;",
  "copy": "&lt;div style='display: flex; flex-wrap: wrap; min-height: 60vh; background-image: linear-gradient(0deg, rgba(0, 0, 0, 0.6), rgba(0, 0, 0, 0.6)), url(\"/Authentication-6.jpg\"); background-position: center center; background-repeat: no-repeat; background-size: cover;' class=\"row sectionBlockLayout\" data-component-theme=\"portalThemeColor8\"&gt;\n  &lt;div class=\"container\"&gt;\n    &lt;div style=\"flex-grow: 1; display: flex; flex-direction: column; margin: 180px 0px;\" class=\"col-md-12 columnBlockLayout\"&gt;\n      &lt;h1 style=\"text-align: center; color: white;\"&gt;Secure Access&lt;/h1&gt;\n      &lt;h4 style=\"text-align: center; color: white;\"&gt;Protecting Your Identity with Advanced Authentication&lt;/h4&gt;\n      &lt;button style=\"align-self: center; margin-top: 20px;\" class=\"button1\"&gt;Sign In&lt;/button&gt;\n    &lt;/div&gt;\n  &lt;/div&gt;\n&lt;/div&gt;\n\n&lt;div style=\"display: flex; flex-wrap: wrap; min-height: auto;\" class=\"row sectionBlockLayout\" data-component-theme=\"portalThemeColor\"&gt;\n  &lt;div class=\"container\"&gt;\n    &lt;div style=\"flex-grow: 1; display: flex; flex-direction: column; margin: 40px 0px; padding: 30px;\" class=\"col-md-6 columnBlockLayout\"&gt;\n      &lt;h2&gt;Multi-Factor Authentication&lt;/h2&gt;\n      &lt;p&gt;Enhance your account security by requiring multiple verification methods. This reduces the risk of unauthorized access and keeps your data safe.&lt;/p&gt;\n      &lt;button class=\"button1\"&gt;Learn More&lt;/button&gt;\n    &lt;/div&gt;\n    &lt;div style=\"flex-grow: 1; display: flex; flex-direction: column; margin: 40px 0px; padding: 30px;\" class=\"col-md-6 columnBlockLayout\"&gt;&lt;img src=\"/Authentication.jpg\" alt=\"User entering authentication code on mobile device\" style=\"width: 100%; height: auto; border-radius: 6px;\" /&gt;&lt;/div&gt;\n  &lt;/div&gt;\n&lt;/div&gt;\n\n&lt;div style=\"display: flex; flex-wrap: wrap; min-height: auto;\" class=\"row sectionBlockLayout\" data-component-theme=\"portalThemeColor\"&gt;\n  &lt;div class=\"container\"&gt;\n    &lt;div style=\"flex-grow: 1; display: flex; flex-direction: column; margin: 40px 0px; padding: 30px;\" class=\"col-md-6 columnBlockLayout\"&gt;&lt;img src=\"/Authentication-2.jpg\" alt=\"Fingerprint biometric authentication on smartphone\" style=\"width: 100%; height: auto; border-radius: 6px;\" /&gt;&lt;/div&gt;\n    &lt;div style=\"flex-grow: 1; display: flex; flex-direction: column; margin: 40px 0px; padding: 30px;\" class=\"col-md-6 columnBlockLayout\"&gt;\n      &lt;h2&gt;Biometric Security&lt;/h2&gt;\n      &lt;p&gt;Use fingerprint or facial recognition technology for quick and secure access. Biometric authentication offers a seamless user experience while maintaining high security standards.&lt;/p&gt;\n      &lt;button class=\"button1\"&gt;Explore Options&lt;/button&gt;\n    &lt;/div&gt;\n  &lt;/div&gt;\n&lt;/div&gt;\n\n&lt;div style=\"display: flex; flex-wrap: wrap; min-height: auto;\" class=\"row sectionBlockLayout\" data-component-theme=\"portalThemeColor\"&gt;\n  &lt;div class=\"container\"&gt;\n    &lt;div style=\"flex-grow: 1; display: flex; flex-direction: column; margin: 30px 0px; padding: 20px;\" class=\"col-md-4 columnBlockLayout\"&gt;\n      &lt;img src=\"/Authentication-3.jpg\" alt=\"Secure password creation\" style=\"width: 100%; height: auto; border-radius: 6px;\" /&gt;\n      &lt;h3&gt;Password Management&lt;/h3&gt;\n      &lt;p&gt;Create strong passwords and manage them easily with our recommended tools to keep your accounts protected.&lt;/p&gt;\n    &lt;/div&gt;\n    &lt;div style=\"flex-grow: 1; display: flex; flex-direction: column; margin: 30px 0px; padding: 20px;\" class=\"col-md-4 columnBlockLayout\"&gt;\n      &lt;img src=\"/Authentication-4.jpg\" alt=\"Security shield icon\" style=\"width: 100%; height: auto; border-radius: 6px;\" /&gt;\n      &lt;h3&gt;Continuous Monitoring&lt;/h3&gt;\n      &lt;p&gt;Our system monitors suspicious activities in real-time to prevent unauthorized access and alert you immediately.&lt;/p&gt;\n    &lt;/div&gt;\n    &lt;div style=\"flex-grow: 1; display: flex; flex-direction: column; margin: 30px 0px; padding: 20px;\" class=\"col-md-4 columnBlockLayout\"&gt;\n      &lt;img src=\"/Authentication-5.jpg\" alt=\"User accessing account securely on laptop\" style=\"width: 100%; height: auto; border-radius: 6px;\" /&gt;\n      &lt;h3&gt;User-Friendly Experience&lt;/h3&gt;\n      &lt;p&gt;Enjoy a smooth and intuitive authentication process designed to protect you without compromising convenience.&lt;/p&gt;\n    &lt;/div&gt;\n  &lt;/div&gt;\n&lt;/div&gt;\n",
  "publishingstateid": "61fe0133-539e-405b-8bb5-b47990a1b0e6",
  "enablerating": false,
  "enabletracking": false,
  "excludefromsearch": false,
  "hiddenfromsitemap": true,
  "sharedpageconfiguration": false,
  "feedbackpolicy": 756150000
}</content>
  <iscustomizable>1</iscustomizable>
  <name>Access Control-deleted</name>
  <powerpagecomponenttype>2</powerpagecomponenttype>
  <powerpagesiteid>
    <powerpagesiteid>5f70b5df-786c-4df3-b1e8-a2c69a2888e3</powerpagesiteid>
  </powerpagesiteid>
  <powerpagesitelanguageid>
    <powerpagesitelanguageid>5ffe60b9-5500-41db-b38a-c180cf7a1562</powerpagesitelanguageid>
  </powerpagesitelanguageid>
  <searchcontent>Access Control&lt;div style='display: flex; flex-wrap: wrap; min-height: 60vh; background-image: linear-gradient(0deg, rgba(0, 0, 0, 0.6), rgba(0, 0, 0, 0.6)), url("/Authentication-6.jpg"); background-position: center center; background-repeat: no-repeat; background-size: cover;' class="row sectionBlockLayout" data-component-theme="portalThemeColor8"&gt;
  &lt;div class="container"&gt;
    &lt;div style="flex-grow: 1; display: flex; flex-direction: column; margin: 180px 0px;" class="col-md-12 columnBlockLayout"&gt;
      &lt;h1 style="text-align: center; color: white;"&gt;Secure Access&lt;/h1&gt;
      &lt;h4 style="text-align: center; color: white;"&gt;Protecting Your Identity with Advanced Authentication&lt;/h4&gt;
      &lt;button style="align-self: center; margin-top: 20px;" class="button1"&gt;Sign In&lt;/button&gt;
    &lt;/div&gt;
  &lt;/div&gt;
&lt;/div&gt;

&lt;div style="display: flex; flex-wrap: wrap; min-height: auto;" class="row sectionBlockLayout" data-component-theme="portalThemeColor"&gt;
  &lt;div class="container"&gt;
    &lt;div style="flex-grow: 1; display: flex; flex-direction: column; margin: 40px 0px; padding: 30px;" class="col-md-6 columnBlockLayout"&gt;
      &lt;h2&gt;Multi-Factor Authentication&lt;/h2&gt;
      &lt;p&gt;Enhance your account security by requiring multiple verification methods. This reduces the risk of unauthorized access and keeps your data safe.&lt;/p&gt;
      &lt;button class="button1"&gt;Learn More&lt;/button&gt;
    &lt;/div&gt;
    &lt;div style="flex-grow: 1; display: flex; flex-direction: column; margin: 40px 0px; padding: 30px;" class="col-md-6 columnBlockLayout"&gt;&lt;img src="/Authentication.jpg" alt="User entering authentication code on mobile device" style="width: 100%; height: auto; border-radius: 6px;" /&gt;&lt;/div&gt;
  &lt;/div&gt;
&lt;/div&gt;

&lt;div style="display: flex; flex-wrap: wrap; min-height: auto;" class="row sectionBlockLayout" data-component-theme="portalThemeColor"&gt;
  &lt;div class="container"&gt;
    &lt;div style="flex-grow: 1; display: flex; flex-direction: column; margin: 40px 0px; padding: 30px;" class="col-md-6 columnBlockLayout"&gt;&lt;img src="/Authentication-2.jpg" alt="Fingerprint biometric authentication on smartphone" style="width: 100%; height: auto; border-radius: 6px;" /&gt;&lt;/div&gt;
    &lt;div style="flex-grow: 1; display: flex; flex-direction: column; margin: 40px 0px; padding: 30px;" class="col-md-6 columnBlockLayout"&gt;
      &lt;h2&gt;Biometric Security&lt;/h2&gt;
      &lt;p&gt;Use fingerprint or facial recognition technology for quick and secure access. Biometric authentication offers a seamless user experience while maintaining high security standards.&lt;/p&gt;
      &lt;button class="button1"&gt;Explore Options&lt;/button&gt;
    &lt;/div&gt;
  &lt;/div&gt;
&lt;/div&gt;

&lt;div style="display: flex; flex-wrap: wrap; min-height: auto;" class="row sectionBlockLayout" data-component-theme="portalThemeColor"&gt;
  &lt;div class="container"&gt;
    &lt;div style="flex-grow: 1; display: flex; flex-direction: column; margin: 30px 0px; padding: 20px;" class="col-md-4 columnBlockLayout"&gt;
      &lt;img src="/Authentication-3.jpg" alt="Secure password creation" style="width: 100%; height: auto; border-radius: 6px;" /&gt;
      &lt;h3&gt;Password Management&lt;/h3&gt;
      &lt;p&gt;Create strong passwords and manage them easily with our recommended tools to keep your accounts protected.&lt;/p&gt;
    &lt;/div&gt;
    &lt;div style="flex-grow: 1; display: flex; flex-direction: column; margin: 30px 0px; padding: 20px;" class="col-md-4 columnBlockLayout"&gt;
      &lt;img src="/Authentication-4.jpg" alt="Security shield icon" style="width: 100%; height: auto; border-radius: 6px;" /&gt;
      &lt;h3&gt;Continuous Monitoring&lt;/h3&gt;
      &lt;p&gt;Our system monitors suspicious activities in real-time to prevent unauthorized access and alert you immediately.&lt;/p&gt;
    &lt;/div&gt;
    &lt;div style="flex-grow: 1; display: flex; flex-direction: column; margin: 30px 0px; padding: 20px;" class="col-md-4 columnBlockLayout"&gt;
      &lt;img src="/Authentication-5.jpg" alt="User accessing account securely on laptop" style="width: 100%; height: auto; border-radius: 6px;" /&gt;
      &lt;h3&gt;User-Friendly Experience&lt;/h3&gt;
      &lt;p&gt;Enjoy a smooth and intuitive authentication process designed to protect you without compromising convenience.&lt;/p&gt;
    &lt;/div&gt;
  &lt;/div&gt;
&lt;/div&gt;
Access Control-deleted</searchcontent>
  <statecode>1</statecode>
  <statuscode>2</statuscode>
</powerpagecomponent>