<powerpagecomponent powerpagecomponentid="070d5804-fa29-4ab4-9a21-516c4088c0ec">
  <content>{
  "filecontent": null,
  "copy": "&lt;div data-component-theme=\"portalThemeColor6\" class=\"row sectionBlockLayout\" style=\"padding: 8px; margin: 0px; display: flex; flex-wrap: wrap; height: 15px; min-height: 15px;\"&gt;&lt;/div&gt;\n&lt;div class=\"row sectionBlockLayout text-start\" style=\"display: flex; flex-wrap: wrap; margin: 0px; min-height: auto; padding: 8px;\"&gt;\n  &lt;div class=\"container\" style=\"padding: 0px; display: flex; flex-wrap: wrap;\"&gt;\n    &lt;div class=\"col-lg-12 columnBlockLayout\" style=\"flex-grow: 1; display: flex; flex-direction: column; min-width: 250px;\"&gt;\n      &lt;p style=\"color: var(--portalThemeColor4);\"&gt;​​&lt;b aria-label=\"Text Add a Team\" style=\"position: relative;\"&gt;Add a Team&lt;/b&gt;&lt;/p&gt;\n      {% entityform name: 'Create Team' %}\n    &lt;/div&gt;\n  &lt;/div&gt;\n&lt;/div&gt;\n&lt;div data-component-theme=\"portalThemeColor2\" class=\"row sectionBlockLayout\" style=\"padding: 8px; margin: 0px; display: flex; flex-wrap: wrap; min-height: 28px;\"&gt;&lt;/div&gt;\n&lt;div data-component-theme=\"portalThemeColor6\" class=\"row sectionBlockLayout\" style=\"padding: 8px; margin: 0px; display: flex; flex-wrap: wrap; min-height: 52px;\"&gt;&lt;/div&gt;\n&lt;script&gt;\n  document.addEventListener(\"DOMContentLoaded\", () =&gt; {\n    document.querySelector(\".navbar\")?.remove();\n    document.querySelector(\"footer\")?.remove();\n  });\n&lt;/script&gt;\n",
  "displayorder": 1,
  "enablerating": false,
  "enabletracking": false,
  "excludefromsearch": false,
  "feedbackpolicy": 756150000,
  "hiddenfromsitemap": false,
  "isroot": false,
  "pagetemplateid": "4ea1f15e-c322-4fa2-a981-958d00d40b3b",
  "parentpageid": "485324f1-18f3-4bf3-898b-534a7ed9a8d7",
  "partialurl": "subpage-1",
  "publishingstateid": "61fe0133-539e-405b-8bb5-b47990a1b0e6",
  "rootwebpageid": "3c475ede-0683-41f6-8376-0ea5b02c1d6b",
  "sharedpageconfiguration": false,
  "summary": "&lt;p&gt;You can include a description of your child page here.&lt;/p&gt;",
  "title": "Subpage 1",
  "customcss": " \r\n#niq_createdby_name {\r\n    display: none !important;\r\n}\r\n#niq_createdby_label {\r\n    display: none !important;\r\n}",
  "customjavascript": " $(document).ready(function () {\r\n    setTimeout(function () {\r\n        $('#niq_createdby_name').closest('.input-group').find('button').hide();\r\n    }, 1000);\r\n});"
}</content>
  <iscustomizable>1</iscustomizable>
  <name>Add a Team</name>
  <powerpagecomponenttype>2</powerpagecomponenttype>
  <powerpagesiteid>
    <powerpagesiteid>5f70b5df-786c-4df3-b1e8-a2c69a2888e3</powerpagesiteid>
  </powerpagesiteid>
  <powerpagesitelanguageid>
    <powerpagesitelanguageid>5ffe60b9-5500-41db-b38a-c180cf7a1562</powerpagesitelanguageid>
  </powerpagesitelanguageid>
  <searchcontent>Subpage 1&lt;div data-component-theme="portalThemeColor6" class="row sectionBlockLayout" style="padding: 8px; margin: 0px; display: flex; flex-wrap: wrap; height: 15px; min-height: 15px;"&gt;&lt;/div&gt;
&lt;div class="row sectionBlockLayout text-start" style="display: flex; flex-wrap: wrap; margin: 0px; min-height: auto; padding: 8px;"&gt;
  &lt;div class="container" style="padding: 0px; display: flex; flex-wrap: wrap;"&gt;
    &lt;div class="col-lg-12 columnBlockLayout" style="flex-grow: 1; display: flex; flex-direction: column; min-width: 250px;"&gt;
      &lt;p style="color: var(--portalThemeColor4);"&gt;​​&lt;b aria-label="Text Add a Team" style="position: relative;"&gt;Add a Team&lt;/b&gt;&lt;/p&gt;
      {% entityform name: 'Create Team' %}
    &lt;/div&gt;
  &lt;/div&gt;
&lt;/div&gt;
&lt;div data-component-theme="portalThemeColor2" class="row sectionBlockLayout" style="padding: 8px; margin: 0px; display: flex; flex-wrap: wrap; min-height: 28px;"&gt;&lt;/div&gt;
&lt;div data-component-theme="portalThemeColor6" class="row sectionBlockLayout" style="padding: 8px; margin: 0px; display: flex; flex-wrap: wrap; min-height: 52px;"&gt;&lt;/div&gt;
&lt;script&gt;
  document.addEventListener("DOMContentLoaded", () =&gt; {
    document.querySelector(".navbar")?.remove();
    document.querySelector("footer")?.remove();
  });
&lt;/script&gt;
Add a Team</searchcontent>
  <statecode>0</statecode>
  <statuscode>1</statuscode>
</powerpagecomponent>