<powerpagecomponent powerpagecomponentid="dc1379f3-79b6-484a-8d88-9b8ea3d95e7b">
  <content>{
  "componentid": "dc1379f3-79b6-484a-8d88-9b8ea3d95e7b",
  "componenttype": 34,
  "uxcomponenttype": "Breadcrumb",
  "params": "{\"separator\":\"&gt;&gt;\",\"home_as\":\"icon+text\",\"tag\":\"h4\"}"
}</content>
  <iscustomizable>1</iscustomizable>
  <name>pages_config_breadcrumb</name>
  <powerpagecomponenttype>34</powerpagecomponenttype>
  <powerpagesiteid>
    <powerpagesiteid>5f70b5df-786c-4df3-b1e8-a2c69a2888e3</powerpagesiteid>
  </powerpagesiteid>
  <statecode>0</statecode>
  <statuscode>1</statuscode>
</powerpagecomponent>