<powerpagecomponent powerpagecomponentid="62615463-1db0-4540-a6c6-825e0ea37d9f">
  <content>{
  "filecontent": null,
  "disablepagevalidation": false,
  "displayimageonly": false,
  "displayorder": 3,
  "displaypagechildlinks": false,
  "openinnewwindow": false,
  "pageid": "3c475ede-0683-41f6-8376-0ea5b02c1d6b",
  "parentweblinkid": "f71ca92c-0047-41f2-b2a4-0bb0e3239d8e",
  "publishingstateid": "61fe0133-539e-405b-8bb5-b47990a1b0e6",
  "robotsfollowlink": true,
  "weblinksetid": "aeac877d-396a-4e2b-9afd-08c2bbcc4a92"
}</content>
  <iscustomizable>1</iscustomizable>
  <name>Add a Team</name>
  <powerpagecomponenttype>5</powerpagecomponenttype>
  <powerpagesiteid>
    <powerpagesiteid>5f70b5df-786c-4df3-b1e8-a2c69a2888e3</powerpagesiteid>
  </powerpagesiteid>
  <statecode>0</statecode>
  <statuscode>1</statuscode>
</powerpagecomponent>