<powerpagecomponent powerpagecomponentid="ba7584d7-e699-483a-a0c5-1795630a88a1">
  <content>{
  "targetentitylogicalname": "niq_team",
  "webform": "929f54b6-8164-4349-a261-5999777a395d",
  "formname": "View Teams",
  "successmessage": "",
  "movepreviouspermitted": false,
  "mode": 100000000,
  "maximumnooffiles": 5,
  "containername": "",
  "storageaccountname": "",
  "attachfilelabel": "",
  "attachfilestoragelocation": 756150000,
  "attachfilemaxsize": null,
  "type": 100000001,
  "validationsummarylinksenabled": true,
  "referencequerystringisprimarykey": true,
  "hideformonsuccess": true,
  "entitypermissionsenabled": true,
  "nextstep": "90338cbe-462d-47ff-a6a6-4c233248e8e1"
}</content>
  <iscustomizable>1</iscustomizable>
  <name>Teams</name>
  <powerpagecomponenttype>20</powerpagecomponenttype>
  <powerpagesiteid>
    <powerpagesiteid>5f70b5df-786c-4df3-b1e8-a2c69a2888e3</powerpagesiteid>
  </powerpagesiteid>
  <statecode>0</statecode>
  <statuscode>1</statuscode>
</powerpagecomponent>