<powerpagecomponent powerpagecomponentid="ae33456b-ea5b-f746-e379-499d1f3a71e3">
  <content>{
  "displayorder": null,
  "weblinksetid": "aeac877d-396a-4e2b-9afd-08c2bbcc4a92",
  "pageid": "42fd6177-2c79-5df2-a1f4-ff0de8f986e0",
  "publishingstateid": "61fe0133-539e-405b-8bb5-b47990a1b0e6",
  "displaypagevalidation": false,
  "displayimageonly": false,
  "displaypagechildlinks": false,
  "openinnewwindow": false,
  "robotsfollowlink": true
}</content>
  <iscustomizable>1</iscustomizable>
  <name>Edit Summary</name>
  <powerpagecomponenttype>5</powerpagecomponenttype>
  <powerpagesiteid>
    <powerpagesiteid>5f70b5df-786c-4df3-b1e8-a2c69a2888e3</powerpagesiteid>
  </powerpagesiteid>
  <statecode>0</statecode>
  <statuscode>1</statuscode>
</powerpagecomponent>