<powerpagecomponent powerpagecomponentid="6473bd1f-9f54-4238-be38-f7f1fbfef98a">
  <content>{
  "filecontent": null,
  "entityname": "Contact_Attachment",
  "entitylogicalname": "annotation",
  "scope": 756150003,
  "append": true,
  "appendto": true,
  "delete": false,
  "read": true,
  "create": true,
  "write": true,
  "parentrelationship": "Contact_Annotation",
  "parententitypermission": "59d64a9b-f9cb-43db-bdac-1e0890162d61",
  "contactrelationship": null,
  "accountrelationship": null,
  "childTablePermissions": [],
  "adx_entitypermission_webrole": [
    "79cf8f21-311a-4de2-84d8-54c0a5ae524d",
    "2639d8a7-4b69-475a-b417-5bc46d967b30",
    "06ec1831-6d7e-49bf-8c62-e8002c8e6858"
  ]
}</content>
  <iscustomizable>1</iscustomizable>
  <name>Contact_Attachment</name>
  <powerpagecomponenttype>18</powerpagecomponenttype>
  <powerpagesiteid>
    <powerpagesiteid>5f70b5df-786c-4df3-b1e8-a2c69a2888e3</powerpagesiteid>
  </powerpagesiteid>
  <statecode>0</statecode>
  <statuscode>1</statuscode>
</powerpagecomponent>