<powerpagecomponent powerpagecomponentid="ae087cf6-cb3f-4900-bf64-29148a32a4d6">
  <content>{"disablepagevalidation":false,"displayimageonly":false,"displayorder":3,"displaypagechildlinks":false,"openinnewwindow":false,"pageid":"485324f1-18f3-4bf3-898b-534a7ed9a8d7","publishingstateid":"61fe0133-539e-405b-8bb5-b47990a1b0e6","robotsfollowlink":true,"weblinksetid":"ea25051f-b3e6-4e02-ae33-4ecc4ce5cec4"}</content>
  <iscustomizable>1</iscustomizable>
  <name>Pages</name>
  <powerpagecomponenttype>5</powerpagecomponenttype>
  <powerpagesiteid>
    <powerpagesiteid>5f70b5df-786c-4df3-b1e8-a2c69a2888e3</powerpagesiteid>
  </powerpagesiteid>
  <statecode>0</statecode>
  <statuscode>1</statuscode>
</powerpagecomponent>