<powerpagecomponent powerpagecomponentid="dfc9291f-8fc6-f011-8544-6045bde7fb3a">
  <content>{"botschemaname":"cr11a_958ef600-eb36-45bf-b83d-0b3fcc507929","configjson":"{\"skillConfigViewName\":\"MASH VACATION SPLITTER bot Answers\"}"}</content>
  <iscustomizable>1</iscustomizable>
  <name>Bot Consumer</name>
  <powerpagecomponenttype>27</powerpagecomponenttype>
  <powerpagesiteid>
    <powerpagesiteid>5f70b5df-786c-4df3-b1e8-a2c69a2888e3</powerpagesiteid>
  </powerpagesiteid>
  <statecode>0</statecode>
  <statuscode>1</statuscode>
</powerpagecomponent>