<ImportExportXml version="9.2.25122.142" SolutionPackageVersion="9.2" languagecode="1033" generatedBy="CrmLive" xmlns:xsi="http://www.w3.org/2001/XMLSchema-instance" OrganizationVersion="9.2.25122.142" OrganizationSchemaType="Full" CRMServerServiceabilityVersion="9.2.25122.00142">
  <SolutionManifest>
    <UniqueName>VacationSplitManagement</UniqueName>
    <LocalizedNames>
      <LocalizedName description="Vacation Split Management" languagecode="1033" />
    </LocalizedNames>
    <Descriptions />
    <Version>1.0.0.10</Version>
    <Managed>0</Managed>
    <Publisher>
      <UniqueName>NIQ</UniqueName>
      <LocalizedNames>
        <LocalizedName description="NIQ" languagecode="1033" />
      </LocalizedNames>
      <Descriptions />
      <EMailAddress xsi:nil="true"></EMailAddress>
      <SupportingWebsiteUrl xsi:nil="true"></SupportingWebsiteUrl>
      <CustomizationPrefix>niq</CustomizationPrefix>
      <CustomizationOptionValuePrefix>87302</CustomizationOptionValuePrefix>
      <Addresses>
        <Address>
          <AddressNumber>1</AddressNumber>
          <AddressTypeCode>1</AddressTypeCode>
          <City xsi:nil="true"></City>
          <County xsi:nil="true"></County>
          <Country xsi:nil="true"></Country>
          <Fax xsi:nil="true"></Fax>
          <FreightTermsCode xsi:nil="true"></FreightTermsCode>
          <ImportSequenceNumber xsi:nil="true"></ImportSequenceNumber>
          <Latitude xsi:nil="true"></Latitude>
          <Line1 xsi:nil="true"></Line1>
          <Line2 xsi:nil="true"></Line2>
          <Line3 xsi:nil="true"></Line3>
          <Longitude xsi:nil="true"></Longitude>
          <Name xsi:nil="true"></Name>
          <PostalCode xsi:nil="true"></PostalCode>
          <PostOfficeBox xsi:nil="true"></PostOfficeBox>
          <PrimaryContactName xsi:nil="true"></PrimaryContactName>
          <ShippingMethodCode>1</ShippingMethodCode>
          <StateOrProvince xsi:nil="true"></StateOrProvince>
          <Telephone1 xsi:nil="true"></Telephone1>
          <Telephone2 xsi:nil="true"></Telephone2>
          <Telephone3 xsi:nil="true"></Telephone3>
          <TimeZoneRuleVersionNumber xsi:nil="true"></TimeZoneRuleVersionNumber>
          <UPSZone xsi:nil="true"></UPSZone>
          <UTCOffset xsi:nil="true"></UTCOffset>
          <UTCConversionTimeZoneCode xsi:nil="true"></UTCConversionTimeZoneCode>
        </Address>
        <Address>
          <AddressNumber>2</AddressNumber>
          <AddressTypeCode>1</AddressTypeCode>
          <City xsi:nil="true"></City>
          <County xsi:nil="true"></County>
          <Country xsi:nil="true"></Country>
          <Fax xsi:nil="true"></Fax>
          <FreightTermsCode xsi:nil="true"></FreightTermsCode>
          <ImportSequenceNumber xsi:nil="true"></ImportSequenceNumber>
          <Latitude xsi:nil="true"></Latitude>
          <Line1 xsi:nil="true"></Line1>
          <Line2 xsi:nil="true"></Line2>
          <Line3 xsi:nil="true"></Line3>
          <Longitude xsi:nil="true"></Longitude>
          <Name xsi:nil="true"></Name>
          <PostalCode xsi:nil="true"></PostalCode>
          <PostOfficeBox xsi:nil="true"></PostOfficeBox>
          <PrimaryContactName xsi:nil="true"></PrimaryContactName>
          <ShippingMethodCode>1</ShippingMethodCode>
          <StateOrProvince xsi:nil="true"></StateOrProvince>
          <Telephone1 xsi:nil="true"></Telephone1>
          <Telephone2 xsi:nil="true"></Telephone2>
          <Telephone3 xsi:nil="true"></Telephone3>
          <TimeZoneRuleVersionNumber xsi:nil="true"></TimeZoneRuleVersionNumber>
          <UPSZone xsi:nil="true"></UPSZone>
          <UTCOffset xsi:nil="true"></UTCOffset>
          <UTCConversionTimeZoneCode xsi:nil="true"></UTCConversionTimeZoneCode>
        </Address>
      </Addresses>
    </Publisher>
    <RootComponents>
      <RootComponent type="1" schemaName="contact" behavior="1" />
      <RootComponent type="1" schemaName="mspp_weblink" behavior="1" />
      <RootComponent type="1" schemaName="niq_expense" behavior="0" />
      <RootComponent type="1" schemaName="niq_expensesplit" behavior="0" />
      <RootComponent type="1" schemaName="niq_participant" behavior="0" />
      <RootComponent type="1" schemaName="niq_summary" behavior="0" />
      <RootComponent type="1" schemaName="niq_team" behavior="0" />
      <RootComponent type="1" schemaName="niq_teaminvite" behavior="0" />
      <RootComponent type="1" schemaName="niq_teammember" behavior="0" />
      <RootComponent type="29" id="{39e8a2f8-d9d1-f011-8544-6045bde7fb3a}" behavior="0" />
      <RootComponent type="29" id="{5934e7d5-92c6-f011-8544-6045bde7fb3a}" behavior="0" />
      <RootComponent type="29" id="{62429f5e-91c6-f011-8544-6045bde7fb3a}" behavior="0" />
      <RootComponent type="61" schemaName="cr11a_expense3" behavior="0" />
      <RootComponent type="61" schemaName="cr11a_finaljs" behavior="0" />
      <RootComponent type="61" schemaName="niq_expense2" behavior="0" />
      <RootComponent type="61" schemaName="niq_expense3" behavior="0" />
      <RootComponent type="62" schemaName="niq_VacationSplit" behavior="0" />
      <RootComponent type="80" schemaName="niq_VacationSplit" behavior="0" />
      <RootComponent type="91" id="{fb020a54-bc07-415d-876e-927284add0e2}" schemaName="CreateSummaryonTeammember, Version=1.0.0.0, Culture=neutral, PublicKeyToken=43496371b409ab5f" behavior="0" />
      <RootComponent type="91" id="{bac09bc9-a621-4a3b-878d-8c08d64bde35}" schemaName="Team Member Validation, Version=1.0.0.0, Culture=neutral, PublicKeyToken=2798a517fad26906" behavior="0" />
      <RootComponent type="91" id="{76a5fbb3-fd54-4be4-8a4c-851b0cd37ffa}" schemaName="Team Name Validation, Version=1.0.0.0, Culture=neutral, PublicKeyToken=b5ab7dc92021eec6" behavior="0" />
      <RootComponent type="91" id="{677fbaba-e7f2-4451-98bf-2321fa3a6ae7}" schemaName="UpdateSummaryonExpense, Version=1.0.0.0, Culture=neutral, PublicKeyToken=bf963501cec35e79" behavior="0" />
      <RootComponent type="92" id="{5fa030ef-cac9-f011-8544-6045bde7fb3a}" behavior="0" />
      <RootComponent type="92" id="{b7dd3f99-5bd6-f011-8544-6045bde7fb3a}" behavior="0" />
      <RootComponent type="92" id="{d5324874-48d6-f011-8544-6045bde7fb3a}" behavior="0" />
    </RootComponents>
    <MissingDependencies>
      <MissingDependency>
        <Required type="1" schemaName="entitlement" displayName="Entitlement" solution="msdynce_Service (9.0.5.56)">
          <package appName="msdynce_Service" version="9.0.25114.1006">msdynce_ServiceAnchor (9.0.25114.1006)</package>
        </Required>
        <Dependent type="60" displayName="Contact" parentDisplayName="Contact" id="{1fed44d1-ae68-4a41-bd2b-f13acac4acfa}" />
      </MissingDependency>
      <MissingDependency>
        <Required type="1" schemaName="incident" displayName="Case" solution="msdynce_Service (9.0.5.56)">
          <package appName="msdynce_Service" version="9.0.25114.1006">msdynce_ServiceAnchor (9.0.25114.1006)</package>
        </Required>
        <Dependent type="60" displayName="Contact" parentDisplayName="Contact" id="{1fed44d1-ae68-4a41-bd2b-f13acac4acfa}" />
      </MissingDependency>
      <MissingDependency>
        <Required type="1" schemaName="list" displayName="Marketing List" solution="msdynce_Marketing (9.0.4.37)">
          <package appName="msdynce_Marketing" version="9.0.25113.10001">msdynce_MarketingAnchor (9.0.25113.10001)</package>
        </Required>
        <Dependent type="60" displayName="Contact" parentDisplayName="Contact" id="{1fed44d1-ae68-4a41-bd2b-f13acac4acfa}" />
      </MissingDependency>
      <MissingDependency>
        <Required type="1" schemaName="msevtmgt_attendeepass" displayName="Attendee Pass" solution="MicrosoftDynamics_EventManagement (1.51.61220.52)">
          <package appName="D365fM" version="1.121.2001.6">MicrosoftDynamics_MktCompleteAnchorSolution (1.121.2001.6)</package>
          <package appName="CXP" version="1.1.61220.59">DynamicsMKT_AnchorSolution (1.1.61220.59)</package>
        </Required>
        <Dependent type="60" displayName="Contact" parentDisplayName="Contact" id="{1fed44d1-ae68-4a41-bd2b-f13acac4acfa}" />
      </MissingDependency>
      <MissingDependency>
        <Required type="1" schemaName="msevtmgt_checkin" displayName="Check-in" solution="MicrosoftDynamics_EventManagement (1.51.61220.52)">
          <package appName="D365fM" version="1.121.2001.6">MicrosoftDynamics_MktCompleteAnchorSolution (1.121.2001.6)</package>
          <package appName="CXP" version="1.1.61220.59">DynamicsMKT_AnchorSolution (1.1.61220.59)</package>
        </Required>
        <Dependent type="60" displayName="Contact" parentDisplayName="Contact" id="{1fed44d1-ae68-4a41-bd2b-f13acac4acfa}" />
      </MissingDependency>
      <MissingDependency>
        <Required type="1" schemaName="msevtmgt_eventregistration" displayName="Event Registration" solution="MicrosoftDynamics_EventManagement (1.51.61220.52)">
          <package appName="D365fM" version="1.121.2001.6">MicrosoftDynamics_MktCompleteAnchorSolution (1.121.2001.6)</package>
          <package appName="CXP" version="1.1.61220.59">DynamicsMKT_AnchorSolution (1.1.61220.59)</package>
        </Required>
        <Dependent type="60" displayName="Contact" parentDisplayName="Contact" id="{1fed44d1-ae68-4a41-bd2b-f13acac4acfa}" />
      </MissingDependency>
      <MissingDependency>
        <Required type="1" schemaName="msevtmgt_sessionregistration" displayName="Session Registration" solution="MicrosoftDynamics_EventManagement (1.51.61220.52)">
          <package appName="D365fM" version="1.121.2001.6">MicrosoftDynamics_MktCompleteAnchorSolution (1.121.2001.6)</package>
          <package appName="CXP" version="1.1.61220.59">DynamicsMKT_AnchorSolution (1.1.61220.59)</package>
        </Required>
        <Dependent type="60" displayName="Contact" parentDisplayName="Contact" id="{1fed44d1-ae68-4a41-bd2b-f13acac4acfa}" />
      </MissingDependency>
      <MissingDependency>
        <Required type="1" schemaName="mspp_weblink" displayName="Web Link" solution="PowerPages_Apps (1.0.2509.3)">
          <package appName="Power Pages Core Package" version="1.1.2508.192">PowerPages_Core (1.1.2508.192)</package>
        </Required>
        <Dependent type="1" schemaName="mspp_weblink" displayName="Web Link" />
      </MissingDependency>
      <MissingDependency>
        <Required type="1" schemaName="opportunity" displayName="Opportunity" solution="msdynce_Sales (9.0.4.0076)">
          <package appName="msdynce_Sales" version="9.0.25113.10006">msdynce_SalesAnchor (9.0.25113.10006)</package>
        </Required>
        <Dependent type="60" displayName="Contact" parentDisplayName="Contact" id="{1fed44d1-ae68-4a41-bd2b-f13acac4acfa}" />
      </MissingDependency>
      <MissingDependency>
        <Required type="10" schemaName="msevtmgt_contact_msevtmgt_attendeepass_contact" displayName="msevtmgt_contact_msevtmgt_attendeepass_contact" parentSchemaName="contact" parentDisplayName="Contact" solution="MicrosoftDynamics_EventManagement (1.51.61220.52)">
          <package appName="D365fM" version="1.121.2001.6">MicrosoftDynamics_MktCompleteAnchorSolution (1.121.2001.6)</package>
          <package appName="CXP" version="1.1.61220.59">DynamicsMKT_AnchorSolution (1.1.61220.59)</package>
        </Required>
        <Dependent type="60" displayName="Contact" parentDisplayName="Contact" id="{1fed44d1-ae68-4a41-bd2b-f13acac4acfa}" />
      </MissingDependency>
      <MissingDependency>
        <Required type="10" schemaName="msevtmgt_contact_msevtmgt_checkin_Contact" displayName="msevtmgt_contact_msevtmgt_checkin_Contact" parentSchemaName="contact" parentDisplayName="Contact" solution="MicrosoftDynamics_EventManagement (1.51.61220.52)">
          <package appName="D365fM" version="1.121.2001.6">MicrosoftDynamics_MktCompleteAnchorSolution (1.121.2001.6)</package>
          <package appName="CXP" version="1.1.61220.59">DynamicsMKT_AnchorSolution (1.1.61220.59)</package>
        </Required>
        <Dependent type="60" displayName="Contact" parentDisplayName="Contact" id="{1fed44d1-ae68-4a41-bd2b-f13acac4acfa}" />
      </MissingDependency>
      <MissingDependency>
        <Required type="10" schemaName="msevtmgt_contact_msevtmgt_eventregistration_Contact" displayName="msevtmgt_contact_msevtmgt_eventregistration_Contact" parentSchemaName="contact" parentDisplayName="Contact" solution="MicrosoftDynamics_EventManagement (1.51.61220.52)">
          <package appName="D365fM" version="1.121.2001.6">MicrosoftDynamics_MktCompleteAnchorSolution (1.121.2001.6)</package>
          <package appName="CXP" version="1.1.61220.59">DynamicsMKT_AnchorSolution (1.1.61220.59)</package>
        </Required>
        <Dependent type="60" displayName="Contact" parentDisplayName="Contact" id="{1fed44d1-ae68-4a41-bd2b-f13acac4acfa}" />
      </MissingDependency>
      <MissingDependency>
        <Required type="10" schemaName="msevtmgt_contact_msevtmgt_sessionregistration_contactid" displayName="msevtmgt_contact_msevtmgt_sessionregistration_contactid" parentSchemaName="contact" parentDisplayName="Contact" solution="MicrosoftDynamics_EventManagement (1.51.61220.52)">
          <package appName="D365fM" version="1.121.2001.6">MicrosoftDynamics_MktCompleteAnchorSolution (1.121.2001.6)</package>
          <package appName="CXP" version="1.1.61220.59">DynamicsMKT_AnchorSolution (1.1.61220.59)</package>
        </Required>
        <Dependent type="60" displayName="Contact" parentDisplayName="Contact" id="{1fed44d1-ae68-4a41-bd2b-f13acac4acfa}" />
      </MissingDependency>
      <MissingDependency>
        <Required type="10" schemaName="msgdpr_contact_msgdpr_gdprparent" displayName="msgdpr_contact_msgdpr_gdprparent" parentSchemaName="contact" parentDisplayName="Contact" solution="MicrosoftDynamics_MktConsentManagement (1.121.2001.0)">
          <package appName="D365fM" version="1.121.2001.6">MicrosoftDynamics_MktCompleteAnchorSolution (1.121.2001.6)</package>
        </Required>
        <Dependent type="60" displayName="Contact" parentDisplayName="Contact" id="{1fed44d1-ae68-4a41-bd2b-f13acac4acfa}" />
      </MissingDependency>
      <MissingDependency>
        <Required type="10" schemaName="msdyncrm_msdyncrm_customerjourney_contact_customerjourneyid" displayName="msdyncrm_msdyncrm_customerjourney_contact_customerjourneyid" parentSchemaName="msdyncrm_customerjourney" parentDisplayName="Customer journey" solution="MicrosoftDynamics_Marketing (1.121.2001.0)">
          <package appName="D365fM" version="1.121.2001.6">MicrosoftDynamics_MktCompleteAnchorSolution (1.121.2001.6)</package>
        </Required>
        <Dependent type="60" displayName="Contact" parentDisplayName="Contact" id="{1fed44d1-ae68-4a41-bd2b-f13acac4acfa}" />
      </MissingDependency>
      <MissingDependency>
        <Required type="10" schemaName="msdyncrm_msdyncrm_marketingemail_contact_emailid" displayName="msdyncrm_msdyncrm_marketingemail_contact_emailid" parentSchemaName="msdyncrm_marketingemail" parentDisplayName="Marketing email" solution="MicrosoftDynamics_Marketing (1.121.2001.0)">
          <package appName="D365fM" version="1.121.2001.6">MicrosoftDynamics_MktCompleteAnchorSolution (1.121.2001.6)</package>
        </Required>
        <Dependent type="60" displayName="Contact" parentDisplayName="Contact" id="{1fed44d1-ae68-4a41-bd2b-f13acac4acfa}" />
      </MissingDependency>
      <MissingDependency>
        <Required type="10" schemaName="msdyncrm_msdyncrm_marketingform_contact_marketingformid" displayName="msdyncrm_msdyncrm_marketingform_contact_marketingformid" parentSchemaName="msdyncrm_marketingform" parentDisplayName="Marketing form" solution="MicrosoftDynamics_Marketing (1.121.2001.0)">
          <package appName="D365fM" version="1.121.2001.6">MicrosoftDynamics_MktCompleteAnchorSolution (1.121.2001.6)</package>
        </Required>
        <Dependent type="60" displayName="Contact" parentDisplayName="Contact" id="{1fed44d1-ae68-4a41-bd2b-f13acac4acfa}" />
      </MissingDependency>
      <MissingDependency>
        <Required type="10" schemaName="msdyncrm_msdyncrm_marketingpage_contact_marketingpageid" displayName="msdyncrm_msdyncrm_marketingpage_contact_marketingpageid" parentSchemaName="msdyncrm_marketingpage" parentDisplayName="Marketing page" solution="MicrosoftDynamics_Marketing (1.121.2001.0)">
          <package appName="D365fM" version="1.121.2001.6">MicrosoftDynamics_MktCompleteAnchorSolution (1.121.2001.6)</package>
        </Required>
        <Dependent type="60" displayName="Contact" parentDisplayName="Contact" id="{1fed44d1-ae68-4a41-bd2b-f13acac4acfa}" />
      </MissingDependency>
      <MissingDependency>
        <Required type="10" schemaName="msdynmkt_msdynmkt_email_contact_emailid" displayName="msdynmkt_msdynmkt_email_contact_emailid" parentSchemaName="msdynmkt_email" parentDisplayName="Email" solution="DynamicsMKT_Forms (1.1.61220.58)">
          <package appName="CXP" version="1.1.61220.59">DynamicsMKT_AnchorSolution (1.1.61220.59)</package>
        </Required>
        <Dependent type="60" displayName="Contact" parentDisplayName="Contact" id="{1fed44d1-ae68-4a41-bd2b-f13acac4acfa}" />
      </MissingDependency>
      <MissingDependency>
        <Required type="10" schemaName="msdynmkt_msdynmkt_journey_contact_customerjourneyid" displayName="msdynmkt_msdynmkt_journey_contact_customerjourneyid" parentSchemaName="msdynmkt_journey" parentDisplayName="Journey" solution="DynamicsMKT_Forms (1.1.61220.58)">
          <package appName="CXP" version="1.1.61220.59">DynamicsMKT_AnchorSolution (1.1.61220.59)</package>
        </Required>
        <Dependent type="60" displayName="Contact" parentDisplayName="Contact" id="{1fed44d1-ae68-4a41-bd2b-f13acac4acfa}" />
      </MissingDependency>
      <MissingDependency>
        <Required type="10" schemaName="msdynmkt_msdynmkt_marketingform_contact_marketingformid" displayName="msdynmkt_msdynmkt_marketingform_contact_marketingformid" parentSchemaName="msdynmkt_marketingform" parentDisplayName="Form" solution="DynamicsMKT_Forms (1.1.61220.58)">
          <package appName="CXP" version="1.1.61220.59">DynamicsMKT_AnchorSolution (1.1.61220.59)</package>
        </Required>
        <Dependent type="60" displayName="Contact" parentDisplayName="Contact" id="{1fed44d1-ae68-4a41-bd2b-f13acac4acfa}" />
      </MissingDependency>
      <MissingDependency>
        <Required type="10" schemaName="msevtmgt_msevtmgt_event_contact_originatingeventid" displayName="msevtmgt_msevtmgt_event_contact_originatingeventid" parentSchemaName="msevtmgt_event" parentDisplayName="Event" solution="MicrosoftDynamics_EventManagement (1.51.61220.52)">
          <package appName="D365fM" version="1.121.2001.6">MicrosoftDynamics_MktCompleteAnchorSolution (1.121.2001.6)</package>
          <package appName="CXP" version="1.1.61220.59">DynamicsMKT_AnchorSolution (1.1.61220.59)</package>
        </Required>
        <Dependent type="60" displayName="Contact" parentDisplayName="Contact" id="{1fed44d1-ae68-4a41-bd2b-f13acac4acfa}" />
      </MissingDependency>
      <MissingDependency>
        <Required type="2" schemaName="adx_identity_newpassword" displayName="New Password Input" parentSchemaName="contact" parentDisplayName="Contact" solution="PowerPages_RuntimeCore (1.0.2407.1)">
          <package appName="Power Pages Core Package" version="1.1.2508.192">PowerPages_Core (1.1.2508.192)</package>
        </Required>
        <Dependent type="60" displayName="Contact" parentDisplayName="Contact" id="{1fed44d1-ae68-4a41-bd2b-f13acac4acfa}" />
      </MissingDependency>
      <MissingDependency>
        <Required type="2" schemaName="adx_identity_username" displayName="User Name" parentSchemaName="contact" parentDisplayName="Contact" solution="PowerPages_RuntimeCore (1.0.2407.1)">
          <package appName="Power Pages Core Package" version="1.1.2508.192">PowerPages_Core (1.1.2508.192)</package>
        </Required>
        <Dependent type="60" displayName="Contact" parentDisplayName="Contact" id="{1fed44d1-ae68-4a41-bd2b-f13acac4acfa}" />
      </MissingDependency>
      <MissingDependency>
        <Required type="2" schemaName="adx_organizationname" displayName="Organization Name" parentSchemaName="contact" parentDisplayName="Contact" solution="PowerPages_RuntimeCoreDependencies (1.0.2305.1)">
          <package appName="Power Pages Core Package" version="1.1.2508.192">PowerPages_Core (1.1.2508.192)</package>
        </Required>
        <Dependent type="60" displayName="Profile Web Form (Enhanced)" parentDisplayName="Contact" id="{bddc0100-0dbe-4562-aafe-31d08c8ab506}" />
      </MissingDependency>
      <MissingDependency>
        <Required type="2" schemaName="adx_publicprofilecopy" displayName="Public Profile Copy" parentSchemaName="contact" parentDisplayName="Contact" solution="PowerPages_RuntimeCore (1.0.2407.1)">
          <package appName="Power Pages Core Package" version="1.1.2508.192">PowerPages_Core (1.1.2508.192)</package>
        </Required>
        <Dependent type="60" displayName="Profile Web Form (Enhanced)" parentDisplayName="Contact" id="{bddc0100-0dbe-4562-aafe-31d08c8ab506}" />
      </MissingDependency>
      <MissingDependency>
        <Required type="2" schemaName="businesscard" displayName="Business Card" parentSchemaName="contact" parentDisplayName="Contact" solution="msdynce_SalesPatch201904 (9.0.1912.1007)">
          <package appName="msdynce_Sales" version="9.0.25113.10006">msdynce_SalesAnchor (9.0.25113.10006)</package>
        </Required>
        <Dependent type="60" displayName="Contact" parentDisplayName="Contact" id="{1fed44d1-ae68-4a41-bd2b-f13acac4acfa}" />
      </MissingDependency>
      <MissingDependency>
        <Required type="2" schemaName="businesscardattributes" displayName="BusinessCardAttributes" parentSchemaName="contact" parentDisplayName="Contact" solution="msdynce_SalesPatch201904 (9.0.1912.1007)">
          <package appName="msdynce_Sales" version="9.0.25113.10006">msdynce_SalesAnchor (9.0.25113.10006)</package>
        </Required>
        <Dependent type="60" displayName="Contact" parentDisplayName="Contact" id="{1fed44d1-ae68-4a41-bd2b-f13acac4acfa}" />
      </MissingDependency>
      <MissingDependency>
        <Required type="2" schemaName="msdyncrm_customerjourneyid" displayName="Source customer journey (outbound marketing)" parentSchemaName="contact" parentDisplayName="Contact" solution="MicrosoftDynamics_Marketing (1.121.2001.0)">
          <package appName="D365fM" version="1.121.2001.6">MicrosoftDynamics_MktCompleteAnchorSolution (1.121.2001.6)</package>
        </Required>
        <Dependent type="60" displayName="Contact" parentDisplayName="Contact" id="{1fed44d1-ae68-4a41-bd2b-f13acac4acfa}" />
      </MissingDependency>
      <MissingDependency>
        <Required type="2" schemaName="msdyncrm_emailid" displayName="Source email (outbound marketing)" parentSchemaName="contact" parentDisplayName="Contact" solution="MicrosoftDynamics_Marketing (1.121.2001.0)">
          <package appName="D365fM" version="1.121.2001.6">MicrosoftDynamics_MktCompleteAnchorSolution (1.121.2001.6)</package>
        </Required>
        <Dependent type="60" displayName="Contact" parentDisplayName="Contact" id="{1fed44d1-ae68-4a41-bd2b-f13acac4acfa}" />
      </MissingDependency>
      <MissingDependency>
        <Required type="2" schemaName="msdyncrm_insights_placeholder" displayName="Insights" parentSchemaName="contact" parentDisplayName="Contact" solution="MicrosoftDynamics_Marketing (1.121.2001.0)">
          <package appName="D365fM" version="1.121.2001.6">MicrosoftDynamics_MktCompleteAnchorSolution (1.121.2001.6)</package>
        </Required>
        <Dependent type="60" displayName="Contact" parentDisplayName="Contact" id="{1fed44d1-ae68-4a41-bd2b-f13acac4acfa}" />
      </MissingDependency>
      <MissingDependency>
        <Required type="2" schemaName="msdyncrm_marketingformid" displayName="Source form (outbound marketing)" parentSchemaName="contact" parentDisplayName="Contact" solution="MicrosoftDynamics_Marketing (1.121.2001.0)">
          <package appName="D365fM" version="1.121.2001.6">MicrosoftDynamics_MktCompleteAnchorSolution (1.121.2001.6)</package>
        </Required>
        <Dependent type="60" displayName="Contact" parentDisplayName="Contact" id="{1fed44d1-ae68-4a41-bd2b-f13acac4acfa}" />
      </MissingDependency>
      <MissingDependency>
        <Required type="2" schemaName="msdyncrm_marketingpageid" displayName="Source landing page (outbound marketing)" parentSchemaName="contact" parentDisplayName="Contact" solution="MicrosoftDynamics_Marketing (1.121.2001.0)">
          <package appName="D365fM" version="1.121.2001.6">MicrosoftDynamics_MktCompleteAnchorSolution (1.121.2001.6)</package>
        </Required>
        <Dependent type="60" displayName="Contact" parentDisplayName="Contact" id="{1fed44d1-ae68-4a41-bd2b-f13acac4acfa}" />
      </MissingDependency>
      <MissingDependency>
        <Required type="2" schemaName="msdyncrm_rememberme" displayName="Remember me" parentSchemaName="contact" parentDisplayName="Contact" solution="MicrosoftDynamics_Marketing (1.121.2001.0)">
          <package appName="D365fM" version="1.121.2001.6">MicrosoftDynamics_MktCompleteAnchorSolution (1.121.2001.6)</package>
        </Required>
        <Dependent type="60" displayName="Contact" parentDisplayName="Contact" id="{1fed44d1-ae68-4a41-bd2b-f13acac4acfa}" />
      </MissingDependency>
      <MissingDependency>
        <Required type="2" schemaName="msdynmkt_customerjourneyid" displayName="Source customer journey" parentSchemaName="contact" parentDisplayName="Contact" solution="DynamicsMKT_Forms (1.1.61220.58)">
          <package appName="CXP" version="1.1.61220.59">DynamicsMKT_AnchorSolution (1.1.61220.59)</package>
        </Required>
        <Dependent type="60" displayName="Contact" parentDisplayName="Contact" id="{1fed44d1-ae68-4a41-bd2b-f13acac4acfa}" />
      </MissingDependency>
      <MissingDependency>
        <Required type="2" schemaName="msdynmkt_emailid" displayName="Source email" parentSchemaName="contact" parentDisplayName="Contact" solution="DynamicsMKT_Forms (1.1.61220.58)">
          <package appName="CXP" version="1.1.61220.59">DynamicsMKT_AnchorSolution (1.1.61220.59)</package>
        </Required>
        <Dependent type="60" displayName="Contact" parentDisplayName="Contact" id="{1fed44d1-ae68-4a41-bd2b-f13acac4acfa}" />
      </MissingDependency>
      <MissingDependency>
        <Required type="2" schemaName="msdynmkt_marketingformid" displayName="Source form" parentSchemaName="contact" parentDisplayName="Contact" solution="DynamicsMKT_Forms (1.1.61220.58)">
          <package appName="CXP" version="1.1.61220.59">DynamicsMKT_AnchorSolution (1.1.61220.59)</package>
        </Required>
        <Dependent type="60" displayName="Contact" parentDisplayName="Contact" id="{1fed44d1-ae68-4a41-bd2b-f13acac4acfa}" />
      </MissingDependency>
      <MissingDependency>
        <Required type="2" schemaName="msevtmgt_originatingeventid" displayName="Originating event" parentSchemaName="contact" parentDisplayName="Contact" solution="MicrosoftDynamics_EventManagement (1.51.61220.52)">
          <package appName="D365fM" version="1.121.2001.6">MicrosoftDynamics_MktCompleteAnchorSolution (1.121.2001.6)</package>
          <package appName="CXP" version="1.1.61220.59">DynamicsMKT_AnchorSolution (1.1.61220.59)</package>
        </Required>
        <Dependent type="60" displayName="Contact" parentDisplayName="Contact" id="{1fed44d1-ae68-4a41-bd2b-f13acac4acfa}" />
      </MissingDependency>
      <MissingDependency>
        <Required type="2" schemaName="msgdpr_donottrack" displayName="Do not track" parentSchemaName="contact" parentDisplayName="Contact" solution="MicrosoftDynamics_MktConsentManagement (1.121.2001.0)">
          <package appName="D365fM" version="1.121.2001.6">MicrosoftDynamics_MktCompleteAnchorSolution (1.121.2001.6)</package>
        </Required>
        <Dependent type="60" displayName="Contact" parentDisplayName="Contact" id="{1fed44d1-ae68-4a41-bd2b-f13acac4acfa}" />
      </MissingDependency>
      <MissingDependency>
        <Required type="2" schemaName="msgdpr_gdprconsent" displayName="Consent given" parentSchemaName="contact" parentDisplayName="Contact" solution="MicrosoftDynamics_MktConsentManagement (1.121.2001.0)">
          <package appName="D365fM" version="1.121.2001.6">MicrosoftDynamics_MktCompleteAnchorSolution (1.121.2001.6)</package>
        </Required>
        <Dependent type="60" displayName="Contact" parentDisplayName="Contact" id="{1fed44d1-ae68-4a41-bd2b-f13acac4acfa}" />
      </MissingDependency>
      <MissingDependency>
        <Required type="2" schemaName="msgdpr_gdprischild" displayName="GDPR is child" parentSchemaName="contact" parentDisplayName="Contact" solution="MicrosoftDynamics_MktConsentManagement (1.121.2001.0)">
          <package appName="D365fM" version="1.121.2001.6">MicrosoftDynamics_MktCompleteAnchorSolution (1.121.2001.6)</package>
        </Required>
        <Dependent type="60" displayName="Contact" parentDisplayName="Contact" id="{1fed44d1-ae68-4a41-bd2b-f13acac4acfa}" />
      </MissingDependency>
      <MissingDependency>
        <Required type="2" schemaName="msgdpr_gdprparentid" displayName="Parent or custodian" parentSchemaName="contact" parentDisplayName="Contact" solution="MicrosoftDynamics_MktConsentManagement (1.121.2001.0)">
          <package appName="D365fM" version="1.121.2001.6">MicrosoftDynamics_MktCompleteAnchorSolution (1.121.2001.6)</package>
        </Required>
        <Dependent type="60" displayName="Contact" parentDisplayName="Contact" id="{1fed44d1-ae68-4a41-bd2b-f13acac4acfa}" />
      </MissingDependency>
      <MissingDependency>
        <Required type="2" schemaName="mspp_userpreferredlcid" displayName="Preferred Language" parentSchemaName="contact" parentDisplayName="Contact" solution="PowerPages_RuntimeExtensions (1.1.2501.1)">
          <package appName="Power Pages Core Package" version="1.1.2508.192">PowerPages_Core (1.1.2508.192)</package>
        </Required>
        <Dependent type="60" displayName="Profile Web Form (Enhanced)" parentDisplayName="Contact" id="{bddc0100-0dbe-4562-aafe-31d08c8ab506}" />
      </MissingDependency>
      <MissingDependency>
        <Required type="2" schemaName="originatingleadid" displayName="Originating Lead" parentSchemaName="contact" parentDisplayName="Contact" solution="msdynce_LeadManagement (9.0.4.0066)">
          <package appName="msdynce_LeadManagement" version="9.0.25113.10001">msdynce_LeadManagementAnchor (9.0.25113.10001)</package>
        </Required>
        <Dependent type="60" displayName="Contact" parentDisplayName="Contact" id="{1fed44d1-ae68-4a41-bd2b-f13acac4acfa}" />
      </MissingDependency>
      <MissingDependency>
        <Required type="26" schemaName="My Active Cases" displayName="My Active Cases" parentSchemaName="incident" parentDisplayName="Case" solution="msdynce_Service (9.0.5.56)" id="{00000000-0000-0000-00aa-000010001028}">
          <package appName="msdynce_Service" version="9.0.25114.1006">msdynce_ServiceAnchor (9.0.25114.1006)</package>
        </Required>
        <Dependent type="60" displayName="Contact" parentDisplayName="Contact" id="{1fed44d1-ae68-4a41-bd2b-f13acac4acfa}" />
      </MissingDependency>
      <MissingDependency>
        <Required type="26" schemaName="My Open Opportunities" displayName="My Open Opportunities" parentSchemaName="opportunity" parentDisplayName="Opportunity" solution="msdynce_Sales (9.0.4.0076)" id="{00000000-0000-0000-00aa-000010003000}">
          <package appName="msdynce_Sales" version="9.0.25113.10006">msdynce_SalesAnchor (9.0.25113.10006)</package>
        </Required>
        <Dependent type="60" displayName="Contact" parentDisplayName="Contact" id="{1fed44d1-ae68-4a41-bd2b-f13acac4acfa}" />
      </MissingDependency>
      <MissingDependency>
        <Required type="26" schemaName="Event registrations parent events" displayName="Event registrations parent events" parentSchemaName="msevtmgt_eventregistration" parentDisplayName="Event Registration" solution="MicrosoftDynamics_EventManagement (1.51.61220.52)" id="{07fd6735-b4a2-e711-811c-000d3a743413}">
          <package appName="D365fM" version="1.121.2001.6">MicrosoftDynamics_MktCompleteAnchorSolution (1.121.2001.6)</package>
          <package appName="CXP" version="1.1.61220.59">DynamicsMKT_AnchorSolution (1.1.61220.59)</package>
        </Required>
        <Dependent type="60" displayName="Contact" parentDisplayName="Contact" id="{1fed44d1-ae68-4a41-bd2b-f13acac4acfa}" />
      </MissingDependency>
      <MissingDependency>
        <Required type="26" schemaName="Marketing Form Lookup View" displayName="Marketing Form Lookup View" parentSchemaName="msdynmkt_marketingform" parentDisplayName="Form" solution="DynamicsMKT_Forms (1.1.61220.58)" id="{16af754d-8d9e-4ea1-a4a1-37320e5cb94f}">
          <package appName="CXP" version="1.1.61220.59">DynamicsMKT_AnchorSolution (1.1.61220.59)</package>
        </Required>
        <Dependent type="60" displayName="Contact" parentDisplayName="Contact" id="{1fed44d1-ae68-4a41-bd2b-f13acac4acfa}" />
      </MissingDependency>
      <MissingDependency>
        <Required type="26" schemaName="Journey Lookup View" displayName="Journey Lookup View" parentSchemaName="msdynmkt_journey" parentDisplayName="Journey" solution="DynamicsMKT_CxpOrchestrationUI (1.1.61220.52)" id="{2899ca72-2cde-4890-a230-a8a0ab86fcbc}">
          <package appName="CXP" version="1.1.61220.59">DynamicsMKT_AnchorSolution (1.1.61220.59)</package>
        </Required>
        <Dependent type="60" displayName="Contact" parentDisplayName="Contact" id="{1fed44d1-ae68-4a41-bd2b-f13acac4acfa}" />
      </MissingDependency>
      <MissingDependency>
        <Required type="26" schemaName="Session-registration parent events" displayName="Session-registration parent events" parentSchemaName="msevtmgt_sessionregistration" parentDisplayName="Session Registration" solution="MicrosoftDynamics_EventManagement (1.51.61220.52)" id="{2b8259f9-b4a2-e711-811c-000d3a743413}">
          <package appName="D365fM" version="1.121.2001.6">MicrosoftDynamics_MktCompleteAnchorSolution (1.121.2001.6)</package>
          <package appName="CXP" version="1.1.61220.59">DynamicsMKT_AnchorSolution (1.1.61220.59)</package>
        </Required>
        <Dependent type="60" displayName="Contact" parentDisplayName="Contact" id="{1fed44d1-ae68-4a41-bd2b-f13acac4acfa}" />
      </MissingDependency>
      <MissingDependency>
        <Required type="26" schemaName="Active event registrations" displayName="Active event registrations" parentSchemaName="msevtmgt_eventregistration" parentDisplayName="Event Registration" solution="MicrosoftDynamics_EventManagement (1.51.61220.52)" id="{36989e15-d3f3-4065-84c1-9dd3b27210df}">
          <package appName="D365fM" version="1.121.2001.6">MicrosoftDynamics_MktCompleteAnchorSolution (1.121.2001.6)</package>
          <package appName="CXP" version="1.1.61220.59">DynamicsMKT_AnchorSolution (1.1.61220.59)</package>
        </Required>
        <Dependent type="60" displayName="Contact" parentDisplayName="Contact" id="{1fed44d1-ae68-4a41-bd2b-f13acac4acfa}" />
      </MissingDependency>
      <MissingDependency>
        <Required type="26" schemaName="Email Lookup View" displayName="Email Lookup View" parentSchemaName="msdynmkt_email" parentDisplayName="Email" solution="DynamicsMKT_EmailChannel (1.1.61220.52)" id="{36d55147-a5a3-4dfa-9e46-b2f4d930ecd3}">
          <package appName="CXP" version="1.1.61220.59">DynamicsMKT_AnchorSolution (1.1.61220.59)</package>
        </Required>
        <Dependent type="60" displayName="Contact" parentDisplayName="Contact" id="{1fed44d1-ae68-4a41-bd2b-f13acac4acfa}" />
      </MissingDependency>
      <MissingDependency>
        <Required type="26" schemaName="Session check-ins parent events" displayName="Session check-ins parent events" parentSchemaName="msevtmgt_checkin" parentDisplayName="Check-in" solution="MicrosoftDynamics_EventManagement (1.51.61220.52)" id="{4e22561c-d0a2-e711-811c-000d3a743413}">
          <package appName="D365fM" version="1.121.2001.6">MicrosoftDynamics_MktCompleteAnchorSolution (1.121.2001.6)</package>
          <package appName="CXP" version="1.1.61220.59">DynamicsMKT_AnchorSolution (1.1.61220.59)</package>
        </Required>
        <Dependent type="60" displayName="Contact" parentDisplayName="Contact" id="{1fed44d1-ae68-4a41-bd2b-f13acac4acfa}" />
      </MissingDependency>
      <MissingDependency>
        <Required type="26" schemaName="06 Active subscription lists - light view" displayName="06 Active subscription lists - light view" parentSchemaName="list" parentDisplayName="Marketing List" solution="MicrosoftDynamics_SubscriptionList (1.121.2001.0)" id="{6becd0df-8978-e911-a820-000d3a3ae762}">
          <package appName="D365fM" version="1.121.2001.6">MicrosoftDynamics_MktCompleteAnchorSolution (1.121.2001.6)</package>
        </Required>
        <Dependent type="60" displayName="Contact" parentDisplayName="Contact" id="{1fed44d1-ae68-4a41-bd2b-f13acac4acfa}" />
      </MissingDependency>
      <MissingDependency>
        <Required type="26" schemaName="Event check-ins parent events" displayName="Event check-ins parent events" parentSchemaName="msevtmgt_checkin" parentDisplayName="Check-in" solution="MicrosoftDynamics_EventManagement (1.51.61220.52)" id="{993e9fca-cfa2-e711-811c-000d3a743413}">
          <package appName="D365fM" version="1.121.2001.6">MicrosoftDynamics_MktCompleteAnchorSolution (1.121.2001.6)</package>
          <package appName="CXP" version="1.1.61220.59">DynamicsMKT_AnchorSolution (1.1.61220.59)</package>
        </Required>
        <Dependent type="60" displayName="Contact" parentDisplayName="Contact" id="{1fed44d1-ae68-4a41-bd2b-f13acac4acfa}" />
      </MissingDependency>
      <MissingDependency>
        <Required type="26" schemaName="Recent Opportunities" displayName="Recent Opportunities" parentSchemaName="opportunity" parentDisplayName="Opportunity" solution="msdynce_Sales (9.0.4.0076)" id="{9c3f7ee8-eca7-e211-9fb6-00155dd0ea05}">
          <package appName="msdynce_Sales" version="9.0.25113.10006">msdynce_SalesAnchor (9.0.25113.10006)</package>
        </Required>
        <Dependent type="60" displayName="Contact" parentDisplayName="Contact" id="{1fed44d1-ae68-4a41-bd2b-f13acac4acfa}" />
      </MissingDependency>
      <MissingDependency>
        <Required type="26" schemaName="Active check-ins" displayName="Active check-ins" parentSchemaName="msevtmgt_checkin" parentDisplayName="Check-in" solution="MicrosoftDynamics_EventManagement (1.51.61220.52)" id="{a607876d-ccce-404f-beb2-7531477015d1}">
          <package appName="D365fM" version="1.121.2001.6">MicrosoftDynamics_MktCompleteAnchorSolution (1.121.2001.6)</package>
          <package appName="CXP" version="1.1.61220.59">DynamicsMKT_AnchorSolution (1.1.61220.59)</package>
        </Required>
        <Dependent type="60" displayName="Contact" parentDisplayName="Contact" id="{1fed44d1-ae68-4a41-bd2b-f13acac4acfa}" />
      </MissingDependency>
      <MissingDependency>
        <Required type="26" schemaName="All Entitlements" displayName="All Entitlements" parentSchemaName="entitlement" parentDisplayName="Entitlement" solution="msdynce_Service (9.0.5.56)" id="{aa69e7e2-913a-4a5a-8609-8ca443554909}">
          <package appName="msdynce_Service" version="9.0.25114.1006">msdynce_ServiceAnchor (9.0.25114.1006)</package>
        </Required>
        <Dependent type="60" displayName="Contact" parentDisplayName="Contact" id="{1fed44d1-ae68-4a41-bd2b-f13acac4acfa}" />
      </MissingDependency>
      <MissingDependency>
        <Required type="26" schemaName="Active session registrations" displayName="Active session registrations" parentSchemaName="msevtmgt_sessionregistration" parentDisplayName="Session Registration" solution="MicrosoftDynamics_EventManagement (1.51.61220.52)" id="{c9b4fe24-d2aa-4776-ab00-b53f92de99b3}">
          <package appName="D365fM" version="1.121.2001.6">MicrosoftDynamics_MktCompleteAnchorSolution (1.121.2001.6)</package>
          <package appName="CXP" version="1.1.61220.59">DynamicsMKT_AnchorSolution (1.1.61220.59)</package>
        </Required>
        <Dependent type="60" displayName="Contact" parentDisplayName="Contact" id="{1fed44d1-ae68-4a41-bd2b-f13acac4acfa}" />
      </MissingDependency>
      <MissingDependency>
        <Required type="26" schemaName="01 Active subscription lists" displayName="01 Active subscription lists" parentSchemaName="list" parentDisplayName="Marketing List" solution="MicrosoftDynamics_SubscriptionList (1.121.2001.0)" id="{cd5d6080-5a60-e911-b821-00155d961f09}">
          <package appName="D365fM" version="1.121.2001.6">MicrosoftDynamics_MktCompleteAnchorSolution (1.121.2001.6)</package>
        </Required>
        <Dependent type="60" displayName="Contact" parentDisplayName="Contact" id="{1fed44d1-ae68-4a41-bd2b-f13acac4acfa}" />
      </MissingDependency>
      <MissingDependency>
        <Required type="26" schemaName="Active attendee passes" displayName="Active attendee passes" parentSchemaName="msevtmgt_attendeepass" parentDisplayName="Attendee Pass" solution="MicrosoftDynamics_EventManagement (1.51.61220.52)" id="{d60e0c4f-2e74-4413-912e-24fa8ff59c74}">
          <package appName="D365fM" version="1.121.2001.6">MicrosoftDynamics_MktCompleteAnchorSolution (1.121.2001.6)</package>
          <package appName="CXP" version="1.1.61220.59">DynamicsMKT_AnchorSolution (1.1.61220.59)</package>
        </Required>
        <Dependent type="60" displayName="Contact" parentDisplayName="Contact" id="{1fed44d1-ae68-4a41-bd2b-f13acac4acfa}" />
      </MissingDependency>
      <MissingDependency>
        <Required type="26" schemaName="Inactive attendee passes" displayName="Inactive attendee passes" parentSchemaName="msevtmgt_attendeepass" parentDisplayName="Attendee Pass" solution="MicrosoftDynamics_EventManagement (1.51.61220.52)" id="{df23fa02-3a24-4abc-8b4d-0ff132d461e8}">
          <package appName="D365fM" version="1.121.2001.6">MicrosoftDynamics_MktCompleteAnchorSolution (1.121.2001.6)</package>
          <package appName="CXP" version="1.1.61220.59">DynamicsMKT_AnchorSolution (1.1.61220.59)</package>
        </Required>
        <Dependent type="60" displayName="Contact" parentDisplayName="Contact" id="{1fed44d1-ae68-4a41-bd2b-f13acac4acfa}" />
      </MissingDependency>
      <MissingDependency>
        <Required type="26" schemaName="Recent Cases" displayName="Recent Cases" parentSchemaName="incident" parentDisplayName="Case" solution="msdynce_Service (9.0.5.56)" id="{ebd1d24a-eea7-e211-9fb6-00155dd0ea05}">
          <package appName="msdynce_Service" version="9.0.25114.1006">msdynce_ServiceAnchor (9.0.25114.1006)</package>
        </Required>
        <Dependent type="60" displayName="Contact" parentDisplayName="Contact" id="{1fed44d1-ae68-4a41-bd2b-f13acac4acfa}" />
      </MissingDependency>
      <MissingDependency>
        <Required type="59" schemaName="Registration records by company size" displayName="Registration records by company size" parentSchemaName="msevtmgt_eventregistration" parentDisplayName="Event Registration" solution="MicrosoftDynamics_EventManagement (1.51.61220.52)" id="{0b2e9f4d-3e1c-e611-80d3-00155df8bff9}">
          <package appName="D365fM" version="1.121.2001.6">MicrosoftDynamics_MktCompleteAnchorSolution (1.121.2001.6)</package>
          <package appName="CXP" version="1.1.61220.59">DynamicsMKT_AnchorSolution (1.1.61220.59)</package>
        </Required>
        <Dependent type="60" displayName="Contact" parentDisplayName="Contact" id="{1fed44d1-ae68-4a41-bd2b-f13acac4acfa}" />
      </MissingDependency>
      <MissingDependency>
        <Required type="59" schemaName="Number of session-registration records related by creation date" displayName="Number of session-registration records related by creation date" parentSchemaName="msevtmgt_sessionregistration" parentDisplayName="Session Registration" solution="MicrosoftDynamics_EventManagement (1.51.61220.52)" id="{711aa88d-7a17-e611-80d3-00155db852b2}">
          <package appName="D365fM" version="1.121.2001.6">MicrosoftDynamics_MktCompleteAnchorSolution (1.121.2001.6)</package>
          <package appName="CXP" version="1.1.61220.59">DynamicsMKT_AnchorSolution (1.1.61220.59)</package>
        </Required>
        <Dependent type="60" displayName="Contact" parentDisplayName="Contact" id="{1fed44d1-ae68-4a41-bd2b-f13acac4acfa}" />
      </MissingDependency>
      <MissingDependency>
        <Required type="59" schemaName="Top Customers" displayName="Top Customers" parentSchemaName="opportunity" parentDisplayName="Opportunity" solution="msdynce_Sales (9.0.4.0076)" id="{8bc5fb18-48f2-4782-9e16-3d452fa4ddce}">
          <package appName="msdynce_Sales" version="9.0.25113.10006">msdynce_SalesAnchor (9.0.25113.10006)</package>
        </Required>
        <Dependent type="60" displayName="Contact" parentDisplayName="Contact" id="{1fed44d1-ae68-4a41-bd2b-f13acac4acfa}" />
      </MissingDependency>
      <MissingDependency>
        <Required type="59" schemaName="Check-in records by company size" displayName="Check-in records by company size" parentSchemaName="msevtmgt_checkin" parentDisplayName="Check-in" solution="MicrosoftDynamics_EventManagement (1.51.61220.52)" id="{b0f24ff0-9221-e611-80d3-00155db852b2}">
          <package appName="D365fM" version="1.121.2001.6">MicrosoftDynamics_MktCompleteAnchorSolution (1.121.2001.6)</package>
          <package appName="CXP" version="1.1.61220.59">DynamicsMKT_AnchorSolution (1.1.61220.59)</package>
        </Required>
        <Dependent type="60" displayName="Contact" parentDisplayName="Contact" id="{1fed44d1-ae68-4a41-bd2b-f13acac4acfa}" />
      </MissingDependency>
      <MissingDependency>
        <Required type="59" schemaName="Case Mix (By Business Unit)" displayName="Case Mix (By Business Unit)" parentSchemaName="incident" parentDisplayName="Case" solution="msdynce_Service (9.0.5.56)" id="{f10375a6-4893-de11-97d4-00155da3b01e}">
          <package appName="msdynce_Service" version="9.0.25114.1006">msdynce_ServiceAnchor (9.0.25114.1006)</package>
        </Required>
        <Dependent type="60" displayName="Contact" parentDisplayName="Contact" id="{1fed44d1-ae68-4a41-bd2b-f13acac4acfa}" />
      </MissingDependency>
      <MissingDependency>
        <Required type="59" schemaName="Entitlements Expiration" displayName="Entitlements Expiration" parentSchemaName="entitlement" parentDisplayName="Entitlement" solution="msdynce_Service (9.0.5.56)" id="{fdb919bb-c6fc-4fc8-8fa5-67ace68e41d1}">
          <package appName="msdynce_Service" version="9.0.25114.1006">msdynce_ServiceAnchor (9.0.25114.1006)</package>
        </Required>
        <Dependent type="60" displayName="Contact" parentDisplayName="Contact" id="{1fed44d1-ae68-4a41-bd2b-f13acac4acfa}" />
      </MissingDependency>
      <MissingDependency>
        <Required type="60" displayName="Contact" parentDisplayName="Contact" solution="msdynce_AppCommon (9.0.4.0066)" id="{1fed44d1-ae68-4a41-bd2b-f13acac4acfa}">
          <package appName="msdynce_AppCommon" version="9.0.25113.10001">msdynce_AppCommonAnchor (9.0.25113.10001)</package>
        </Required>
        <Dependent type="60" displayName="Contact" parentDisplayName="Contact" id="{1fed44d1-ae68-4a41-bd2b-f13acac4acfa}" />
      </MissingDependency>
      <MissingDependency>
        <Required type="60" displayName="account contact card" parentDisplayName="Contact" solution="msdynce_AppCommon (9.0.4.0066)" id="{29de27bc-a257-4f29-99cf-bab4a84e688f}">
          <package appName="msdynce_AppCommon" version="9.0.25113.10001">msdynce_AppCommonAnchor (9.0.25113.10001)</package>
        </Required>
        <Dependent type="60" displayName="Contact" parentDisplayName="Contact" id="{1fed44d1-ae68-4a41-bd2b-f13acac4acfa}" />
      </MissingDependency>
      <MissingDependency>
        <Required type="60" displayName="Information" parentDisplayName="Contact" solution="msdynce_AppCommon (9.0.4.0066)" id="{894cc46a-b0cb-4ab0-8bf6-200544e46a2d}">
          <package appName="msdynce_AppCommon" version="9.0.25113.10001">msdynce_AppCommonAnchor (9.0.25113.10001)</package>
        </Required>
        <Dependent type="60" displayName="Information" parentDisplayName="Contact" id="{894cc46a-b0cb-4ab0-8bf6-200544e46a2d}" />
      </MissingDependency>
      <MissingDependency>
        <Required type="60" displayName="Profile Web Form (Enhanced)" parentDisplayName="Contact" solution="PowerPages_RuntimeCore (1.0.2407.1)" id="{bddc0100-0dbe-4562-aafe-31d08c8ab506}">
          <package appName="Power Pages Core Package" version="1.1.2508.192">PowerPages_Core (1.1.2508.192)</package>
        </Required>
        <Dependent type="60" displayName="Profile Web Form (Enhanced)" parentDisplayName="Contact" id="{bddc0100-0dbe-4562-aafe-31d08c8ab506}" />
      </MissingDependency>
      <MissingDependency>
        <Required type="61" schemaName="AppCommon/Contact/Contact_main_system_library.js" displayName="AppCommon/Contact/Contact_main_system_library.js" solution="msdynce_AppCommon (9.0.4.0066)">
          <package appName="msdynce_AppCommon" version="9.0.25113.10001">msdynce_AppCommonAnchor (9.0.25113.10001)</package>
        </Required>
        <Dependent type="60" displayName="Contact" parentDisplayName="Contact" id="{1fed44d1-ae68-4a41-bd2b-f13acac4acfa}" />
      </MissingDependency>
      <MissingDependency>
        <Required type="61" schemaName="AppCommon/Contact/Contact_main_system_library.js" displayName="AppCommon/Contact/Contact_main_system_library.js" solution="msdynce_AppCommon (9.0.4.0066)">
          <package appName="msdynce_AppCommon" version="9.0.25113.10001">msdynce_AppCommonAnchor (9.0.25113.10001)</package>
        </Required>
        <Dependent type="60" displayName="Information" parentDisplayName="Contact" id="{894cc46a-b0cb-4ab0-8bf6-200544e46a2d}" />
      </MissingDependency>
      <MissingDependency>
        <Required type="61" schemaName="msdyn_/ActivityFeeds.Form.js" displayName="msdyn_/ActivityFeeds.Form.js" solution="ActivityFeedsCore (9.0.0.0011)">
          <package appName="ActivityFeedsCore" version="9.0.0.0011">ActivityFeedsCore (9.0.0.0011)</package>
        </Required>
        <Dependent type="60" displayName="Information" parentDisplayName="Contact" id="{894cc46a-b0cb-4ab0-8bf6-200544e46a2d}" />
      </MissingDependency>
      <MissingDependency>
        <Required type="61" schemaName="msdyn_/ActivityFeeds.Form.js" displayName="msdyn_/ActivityFeeds.Form.js" solution="ActivityFeedsCore (9.0.0.0011)">
          <package appName="ActivityFeedsCore" version="9.0.0.0011">ActivityFeedsCore (9.0.0.0011)</package>
        </Required>
        <Dependent type="60" displayName="Profile Web Form (Enhanced)" parentDisplayName="Contact" id="{bddc0100-0dbe-4562-aafe-31d08c8ab506}" />
      </MissingDependency>
      <MissingDependency>
        <Required type="61" schemaName="msdyn_/Images/AppModule_Default_Icon.png" displayName="msdyn_/Images/AppModule_Default_Icon.png" solution="AppModuleWebResources (2.5)">
          <package appName="AppModule Web Resources Package" version="2.5">AppModuleWebResources (2.5)</package>
        </Required>
        <Dependent type="80" schemaName="niq_VacationSplit" displayName="Vacation Split" />
      </MissingDependency>
      <MissingDependency>
        <Required type="61" schemaName="msdyn_/RecordWall.htm" displayName="msdyn_/RecordWall.htm" solution="ActivityFeedsCore (9.0.0.0011)">
          <package appName="ActivityFeedsCore" version="9.0.0.0011">ActivityFeedsCore (9.0.0.0011)</package>
        </Required>
        <Dependent type="60" displayName="Information" parentDisplayName="Contact" id="{894cc46a-b0cb-4ab0-8bf6-200544e46a2d}" />
      </MissingDependency>
      <MissingDependency>
        <Required type="61" schemaName="msdyn_/RecordWall.htm" displayName="msdyn_/RecordWall.htm" solution="ActivityFeedsCore (9.0.0.0011)">
          <package appName="ActivityFeedsCore" version="9.0.0.0011">ActivityFeedsCore (9.0.0.0011)</package>
        </Required>
        <Dependent type="60" displayName="Profile Web Form (Enhanced)" parentDisplayName="Contact" id="{bddc0100-0dbe-4562-aafe-31d08c8ab506}" />
      </MissingDependency>
      <MissingDependency>
        <Required type="61" schemaName="msdyn_/Scripts/WhoKnowsWhomLoader.js" displayName="msdyn_/Scripts/WhoKnowsWhomLoader.js" solution="msdyn_connectiongraph (9.3.25113.10001)">
          <package appName="msdynce_SalesInsights" version="9.0.25113.10002">msdynce_SalesInsightsAnchor (9.0.25113.10002)</package>
        </Required>
        <Dependent type="60" displayName="Contact" parentDisplayName="Contact" id="{1fed44d1-ae68-4a41-bd2b-f13acac4acfa}" />
      </MissingDependency>
      <MissingDependency>
        <Required type="61" schemaName="msdyn_SalesOmniChannel/SalesPhoneNumber.Library.js" displayName="msdyn_SalesOmniChannel/SalesPhoneNumber.Library.js" solution="msdyn_SalesOmniChannel (9.1.25113.10002)">
          <package appName="msdyn_AcceleratedSales" version="9.1.25113.10002">msdyn_AcceleratedSalesAnchor (9.1.25113.10002)</package>
        </Required>
        <Dependent type="60" displayName="Contact" parentDisplayName="Contact" id="{1fed44d1-ae68-4a41-bd2b-f13acac4acfa}" />
      </MissingDependency>
      <MissingDependency>
        <Required type="61" schemaName="msdyn_talkingpointsloader.js" displayName="msdyn_talkingpointsloader.js" solution="msdynce_Talkingpoints (9.1.0.59)">
          <package appName="msdynce_SalesInsights" version="9.0.25113.10002">msdynce_SalesInsightsAnchor (9.0.25113.10002)</package>
        </Required>
        <Dependent type="60" displayName="Contact" parentDisplayName="Contact" id="{1fed44d1-ae68-4a41-bd2b-f13acac4acfa}" />
      </MissingDependency>
      <MissingDependency>
        <Required type="61" schemaName="msdyncrm_MarketingCjoFirst.CrmWebResource" displayName="msdyncrm_MarketingCjoFirst.CrmWebResource" solution="MicrosoftDynamics_Marketing (1.121.2001.0)">
          <package appName="D365fM" version="1.121.2001.6">MicrosoftDynamics_MktCompleteAnchorSolution (1.121.2001.6)</package>
        </Required>
        <Dependent type="60" displayName="Contact" parentDisplayName="Contact" id="{1fed44d1-ae68-4a41-bd2b-f13acac4acfa}" />
      </MissingDependency>
      <MissingDependency>
        <Required type="61" schemaName="msdynmkt_Consent.CrmWebResources" displayName="msdynmkt_Consent.CrmWebResources" solution="DynamicsMKT_Consent (1.1.61220.52)">
          <package appName="CXP" version="1.1.61220.59">DynamicsMKT_AnchorSolution (1.1.61220.59)</package>
        </Required>
        <Dependent type="60" displayName="Contact" parentDisplayName="Contact" id="{1fed44d1-ae68-4a41-bd2b-f13acac4acfa}" />
      </MissingDependency>
      <MissingDependency>
        <Required type="61" schemaName="msdynmkt_CxpFormEditorHandlers.WebResource" displayName="msdynmkt_CxpFormEditorHandlers.WebResource" solution="DynamicsMKT_Forms (1.1.61220.58)">
          <package appName="CXP" version="1.1.61220.59">DynamicsMKT_AnchorSolution (1.1.61220.59)</package>
        </Required>
        <Dependent type="60" displayName="Contact" parentDisplayName="Contact" id="{1fed44d1-ae68-4a41-bd2b-f13acac4acfa}" />
      </MissingDependency>
      <MissingDependency>
        <Required type="61" schemaName="msdynmkt_DynamicsMktOrchestrationAnalyaticsUIHandlers" displayName="msdynmkt_DynamicsMktOrchestrationAnalyaticsUIHandlers" solution="DynamicsMKT_OrchestrationAnalytics (1.1.61220.52)">
          <package appName="CXP" version="1.1.61220.59">DynamicsMKT_AnchorSolution (1.1.61220.59)</package>
        </Required>
        <Dependent type="60" displayName="Contact" parentDisplayName="Contact" id="{1fed44d1-ae68-4a41-bd2b-f13acac4acfa}" />
      </MissingDependency>
      <MissingDependency>
        <Required type="61" schemaName="msevtmgt_es6_promise.min.js" displayName="msevtmgt_es6_promise.min.js" solution="MicrosoftDynamics_EventManagement (1.51.61220.52)">
          <package appName="D365fM" version="1.121.2001.6">MicrosoftDynamics_MktCompleteAnchorSolution (1.121.2001.6)</package>
          <package appName="CXP" version="1.1.61220.59">DynamicsMKT_AnchorSolution (1.1.61220.59)</package>
        </Required>
        <Dependent type="60" displayName="Contact" parentDisplayName="Contact" id="{1fed44d1-ae68-4a41-bd2b-f13acac4acfa}" />
      </MissingDependency>
      <MissingDependency>
        <Required type="61" schemaName="msevtmgt_EventMgmt.CrmWebResource" displayName="msevtmgt_EventMgmt.CrmWebResource" solution="MicrosoftDynamics_EventManagement (1.51.61220.52)">
          <package appName="D365fM" version="1.121.2001.6">MicrosoftDynamics_MktCompleteAnchorSolution (1.121.2001.6)</package>
          <package appName="CXP" version="1.1.61220.59">DynamicsMKT_AnchorSolution (1.1.61220.59)</package>
        </Required>
        <Dependent type="60" displayName="Contact" parentDisplayName="Contact" id="{1fed44d1-ae68-4a41-bd2b-f13acac4acfa}" />
      </MissingDependency>
      <MissingDependency>
        <Required type="66" schemaName="Consent.ContactabilityControl.ContactabilityControl" displayName="Consent.ContactabilityControl.ContactabilityControl" solution="DynamicsMKT_Consent (1.1.61220.52)">
          <package appName="CXP" version="1.1.61220.59">DynamicsMKT_AnchorSolution (1.1.61220.59)</package>
        </Required>
        <Dependent type="60" displayName="Contact" parentDisplayName="Contact" id="{1fed44d1-ae68-4a41-bd2b-f13acac4acfa}" />
      </MissingDependency>
      <MissingDependency>
        <Required type="66" schemaName="Consent.ContactabilityGridControl.ContactabilityGridControl" displayName="Consent.ContactabilityGridControl.ContactabilityGridControl" solution="DynamicsMKT_Consent (1.1.61220.52)">
          <package appName="CXP" version="1.1.61220.59">DynamicsMKT_AnchorSolution (1.1.61220.59)</package>
        </Required>
        <Dependent type="60" displayName="Contact" parentDisplayName="Contact" id="{1fed44d1-ae68-4a41-bd2b-f13acac4acfa}" />
      </MissingDependency>
      <MissingDependency>
        <Required type="66" schemaName="CxpOrchestrationAnalytics.InsightsBannerControl.InsightsBannerControl" displayName="CxpOrchestrationAnalytics.InsightsBannerControl.InsightsBannerControl" solution="DynamicsMKT_OrchestrationAnalytics (1.1.61220.52)">
          <package appName="CXP" version="1.1.61220.59">DynamicsMKT_AnchorSolution (1.1.61220.59)</package>
        </Required>
        <Dependent type="60" displayName="Contact" parentDisplayName="Contact" id="{1fed44d1-ae68-4a41-bd2b-f13acac4acfa}" />
      </MissingDependency>
      <MissingDependency>
        <Required type="66" schemaName="Intelligence.BusinessCardReaderControl.BusinessCardReader" displayName="Intelligence.BusinessCardReaderControl.BusinessCardReader" solution="BaseCustomControlsCore (9.0.2512.1015)">
          <package appName="Base Custom Controls" version="9.0.2512.1015">BaseCustomControlsCore (9.0.2512.1015)</package>
        </Required>
        <Dependent type="60" displayName="Contact" parentDisplayName="Contact" id="{1fed44d1-ae68-4a41-bd2b-f13acac4acfa}" />
      </MissingDependency>
      <MissingDependency>
        <Required type="66" schemaName="Microsoft.AddressInputUCI" displayName="Microsoft.AddressInputUCI" solution="BaseCustomControlsCore (9.0.2512.1015)">
          <package appName="Base Custom Controls" version="9.0.2512.1015">BaseCustomControlsCore (9.0.2512.1015)</package>
        </Required>
        <Dependent type="60" displayName="Contact" parentDisplayName="Contact" id="{1fed44d1-ae68-4a41-bd2b-f13acac4acfa}" />
      </MissingDependency>
      <MissingDependency>
        <Required type="66" schemaName="MscrmControls.CardFeedContainer.CardFeedContainer" displayName="MscrmControls.CardFeedContainer.CardFeedContainer" solution="BaseCustomControlsCore (9.0.2512.1015)">
          <package appName="Base Custom Controls" version="9.0.2512.1015">BaseCustomControlsCore (9.0.2512.1015)</package>
        </Required>
        <Dependent type="60" displayName="Contact" parentDisplayName="Contact" id="{1fed44d1-ae68-4a41-bd2b-f13acac4acfa}" />
      </MissingDependency>
      <MissingDependency>
        <Required type="66" schemaName="MscrmControls.InsightsControl.InsightsControl" displayName="MscrmControls.InsightsControl.InsightsControl" solution="MicrosoftDynamics_Marketing (1.121.2001.0)">
          <package appName="D365fM" version="1.121.2001.6">MicrosoftDynamics_MktCompleteAnchorSolution (1.121.2001.6)</package>
        </Required>
        <Dependent type="60" displayName="Contact" parentDisplayName="Contact" id="{1fed44d1-ae68-4a41-bd2b-f13acac4acfa}" />
      </MissingDependency>
      <MissingDependency>
        <Required type="66" schemaName="MscrmControls.LeadHygiene.ValidatedFieldControl" displayName="MscrmControls.LeadHygiene.ValidatedFieldControl" solution="msdyn_leadhygiene (9.1.2511.2002)">
          <package appName="msdyn_AcceleratedSales" version="9.1.25113.10002">msdyn_AcceleratedSalesAnchor (9.1.25113.10002)</package>
        </Required>
        <Dependent type="60" displayName="Contact" parentDisplayName="Contact" id="{1fed44d1-ae68-4a41-bd2b-f13acac4acfa}" />
      </MissingDependency>
      <MissingDependency>
        <Required type="66" schemaName="MscrmControls.TalkingPointsControl.TalkingPoints" displayName="MscrmControls.TalkingPointsControl.TalkingPoints" solution="msdynce_Talkingpoints (9.1.0.59)">
          <package appName="msdynce_SalesInsights" version="9.0.25113.10002">msdynce_SalesInsightsAnchor (9.0.25113.10002)</package>
        </Required>
        <Dependent type="60" displayName="Contact" parentDisplayName="Contact" id="{1fed44d1-ae68-4a41-bd2b-f13acac4acfa}" />
      </MissingDependency>
      <MissingDependency>
        <Required type="66" schemaName="msdyn_SalesOmniChannel.SalesPhoneNumberControl" displayName="msdyn_SalesOmniChannel.SalesPhoneNumberControl" solution="msdyn_SalesOmniChannel (9.1.25113.10002)">
          <package appName="msdyn_AcceleratedSales" version="9.1.25113.10002">msdyn_AcceleratedSalesAnchor (9.1.25113.10002)</package>
        </Required>
        <Dependent type="60" displayName="Contact" parentDisplayName="Contact" id="{1fed44d1-ae68-4a41-bd2b-f13acac4acfa}" />
      </MissingDependency>
      <MissingDependency>
        <Required type="66" schemaName="MsdynControls.WKWControls.ConnectionsWidget" displayName="MsdynControls.WKWControls.ConnectionsWidget" solution="msdyn_connectiongraph (9.3.25113.10001)">
          <package appName="msdynce_SalesInsights" version="9.0.25113.10002">msdynce_SalesInsightsAnchor (9.0.25113.10002)</package>
        </Required>
        <Dependent type="60" displayName="Contact" parentDisplayName="Contact" id="{1fed44d1-ae68-4a41-bd2b-f13acac4acfa}" />
      </MissingDependency>
      <MissingDependency>
        <Required type="66" schemaName="MsdynmktControls.TabbableInsightsControl.TabbableInsightsControl" displayName="MsdynmktControls.TabbableInsightsControl.TabbableInsightsControl" solution="DynamicsMKT_AnalyticsUx (1.1.61220.52)">
          <package appName="CxpSales" version="1.1.61220.46">DynamicsMKT_CxpSalesAnchorSolution (1.1.61220.46)</package>
          <package appName="CXP" version="1.1.61220.59">DynamicsMKT_AnchorSolution (1.1.61220.59)</package>
        </Required>
        <Dependent type="60" displayName="Contact" parentDisplayName="Contact" id="{1fed44d1-ae68-4a41-bd2b-f13acac4acfa}" />
      </MissingDependency>
      <MissingDependency>
        <Required type="SettingDefinition" displayName="AppChannel" solution="msdyn_AppFrameworkInfraExtensions (1.0.0.15)" id.uniquename="AppChannel">
          <package appName="PowerAppsAppFramework Package" version="1.0.0.23">PowerAppsAppFramework_Anchor (1.0.0.23)</package>
        </Required>
        <Dependent type="AppSetting" displayName="parentappmoduleid.uniquename=niq_VacationSplit,settingdefinitionid.uniquename=AppChannel" id.parentappmoduleid.uniquename="niq_VacationSplit" id.settingdefinitionid.uniquename="AppChannel" />
      </MissingDependency>
      <MissingDependency>
        <Required type="2" schemaName="contactid" displayName="contactid" parentSchemaName="contact" solution="System (5.0)" />
        <Dependent type="2" schemaName="contactid" displayName="contactid" />
      </MissingDependency>
      <MissingDependency>
        <Required type="2" schemaName="emailaddress1" displayName="emailaddress1" parentSchemaName="contact" solution="System (5.0)" />
        <Dependent type="2" schemaName="emailaddress1" displayName="emailaddress1" />
      </MissingDependency>
      <MissingDependency>
        <Required type="2" schemaName="firstname" displayName="firstname" parentSchemaName="contact" solution="System (5.0)" />
        <Dependent type="2" schemaName="firstname" displayName="firstname" />
      </MissingDependency>
      <MissingDependency>
        <Required type="2" schemaName="fullname" displayName="fullname" parentSchemaName="contact" solution="System (5.0)" />
        <Dependent type="2" schemaName="fullname" displayName="fullname" />
      </MissingDependency>
      <MissingDependency>
        <Required type="2" schemaName="lastname" displayName="lastname" parentSchemaName="contact" solution="System (5.0)" />
        <Dependent type="2" schemaName="lastname" displayName="lastname" />
      </MissingDependency>
      <MissingDependency>
        <Required type="2" schemaName="telephone1" displayName="telephone1" parentSchemaName="contact" solution="System (5.0)" />
        <Dependent type="2" schemaName="telephone1" displayName="telephone1" />
      </MissingDependency>
      <MissingDependency>
        <Required type="1" schemaName="contact" displayName="Contact" parentSchemaName="" solution="msdyn_CustomerInsightsTimelineIntegration (1.1.0.0)" />
        <Dependent type="1" schemaName="contact" displayName="Contact" />
      </MissingDependency>
    </MissingDependencies>
  </SolutionManifest>
</ImportExportXml>