<powerpagecomponent powerpagecomponentid="f1e6b64f-3843-7011-22b7-020ef2c3ff48">
  <content>{
  "filecontent": null,
  "displayorder": 2,
  "customcss": "",
  "customjavascript": "",
  "pagetemplateid": "4ea1f15e-c322-4fa2-a981-958d00d40b3b",
  "parentpageid": "485324f1-18f3-4bf3-898b-534a7ed9a8d7",
  "partialurl": "Add-Team-Member",
  "isroot": true,
  "title": "Add Team Member",
  "summary": "&lt;p&gt;This is a sample landing page designed to be a starting point for your website&lt;/p&gt;",
  "copy": "",
  "publishingstateid": "61fe0133-539e-405b-8bb5-b47990a1b0e6",
  "enablerating": false,
  "enabletracking": false,
  "excludefromsearch": false,
  "hiddenfromsitemap": true,
  "sharedpageconfiguration": false
}</content>
  <iscustomizable>1</iscustomizable>
  <name>Add Team Member</name>
  <powerpagecomponenttype>2</powerpagecomponenttype>
  <powerpagesiteid>
    <powerpagesiteid>5f70b5df-786c-4df3-b1e8-a2c69a2888e3</powerpagesiteid>
  </powerpagesiteid>
  <searchcontent>Add Team MemberAdd Team Member</searchcontent>
  <statecode>0</statecode>
  <statuscode>1</statuscode>
</powerpagecomponent>