<powerpagecomponent powerpagecomponentid="71401530-cbdf-49f5-b52b-986a769e3621">
  <content>{
  "entityname": "Contact_TeamMember",
  "entitylogicalname": "niq_teammember",
  "scope": 756150000,
  "append": true,
  "appendto": true,
  "delete": false,
  "read": true,
  "create": true,
  "write": true,
  "parentrelationship": null,
  "parententitypermission": null,
  "contactrelationship": null,
  "accountrelationship": null,
  "childTablePermissions": [],
  "adx_entitypermission_webrole": [
    "79cf8f21-311a-4de2-84d8-54c0a5ae524d",
    "2639d8a7-4b69-475a-b417-5bc46d967b30",
    "06ec1831-6d7e-49bf-8c62-e8002c8e6858"
  ]
}</content>
  <iscustomizable>1</iscustomizable>
  <name>Contact_TeamMember</name>
  <powerpagecomponenttype>18</powerpagecomponenttype>
  <powerpagesiteid>
    <powerpagesiteid>5f70b5df-786c-4df3-b1e8-a2c69a2888e3</powerpagesiteid>
  </powerpagesiteid>
  <statecode>0</statecode>
  <statuscode>1</statuscode>
</powerpagecomponent>