<powerpagecomponent powerpagecomponentid="7c2bd449-fbed-4684-bb34-e7eed64d9c32">
  <content>{"adx_entitypermission_webrole":["06ec1831-6d7e-49bf-8c62-e8002c8e6858","79cf8f21-311a-4de2-84d8-54c0a5ae524d","2639d8a7-4b69-475a-b417-5bc46d967b30"],"append":false,"appendto":false,"create":true,"delete":false,"entitylogicalname":"feedback","entityname":"Feedback","read":false,"scope":756150000,"write":false}</content>
  <iscustomizable>1</iscustomizable>
  <name>Feedback</name>
  <powerpagecomponenttype>18</powerpagecomponenttype>
  <powerpagesiteid>
    <powerpagesiteid>5f70b5df-786c-4df3-b1e8-a2c69a2888e3</powerpagesiteid>
  </powerpagesiteid>
  <statecode>0</statecode>
  <statuscode>1</statuscode>
</powerpagecomponent>