<powerpagecomponent powerpagecomponentid="631a9d8b-9e1e-40a0-ab5b-ad825bc503ec">
  <content>{
  "filecontent": null,
  "source": 0
}</content>
  <iscustomizable>1</iscustomizable>
  <name>Authentication/Registration/LoginButtonAuthenticationType</name>
  <powerpagecomponenttype>9</powerpagecomponenttype>
  <powerpagesiteid>
    <powerpagesiteid>5f70b5df-786c-4df3-b1e8-a2c69a2888e3</powerpagesiteid>
  </powerpagesiteid>
  <statecode>0</statecode>
  <statuscode>1</statuscode>
</powerpagecomponent>