<powerpagecomponent powerpagecomponentid="3c475ede-0683-41f6-8376-0ea5b02c1d6b">
  <content>{
  "filecontent": null,
  "displayorder": 3,
  "enablerating": false,
  "enabletracking": false,
  "excludefromsearch": false,
  "feedbackpolicy": 756150000,
  "hiddenfromsitemap": false,
  "isroot": true,
  "pagetemplateid": "4ea1f15e-c322-4fa2-a981-958d00d40b3b",
  "parentpageid": "485324f1-18f3-4bf3-898b-534a7ed9a8d7",
  "partialurl": "subpage-1",
  "publishingstateid": "61fe0133-539e-405b-8bb5-b47990a1b0e6",
  "sharedpageconfiguration": false,
  "title": "Subpage 1",
  "copy": "&lt;div id=\"idvt8u\" class=\"row sectionBlockLayout text-left\" style=\"display: flex; flex-wrap: wrap; margin: 0px; min-height: auto; padding: 8px;\"&gt;\n  &lt;div class=\"container\" id=\"i7lcp2\" style=\"padding: 0px; display: flex; flex-wrap: wrap;\"&gt;&lt;div class=\"col-md-12 columnBlockLayout\" style=\"flex-grow: 1; display: flex; flex-direction: column; min-width: 250px;\"&gt;&lt;/div&gt;&lt;/div&gt;\n&lt;/div&gt;\n"
}</content>
  <iscustomizable>1</iscustomizable>
  <name>Add a Team</name>
  <powerpagecomponenttype>2</powerpagecomponenttype>
  <powerpagesiteid>
    <powerpagesiteid>5f70b5df-786c-4df3-b1e8-a2c69a2888e3</powerpagesiteid>
  </powerpagesiteid>
  <searchcontent>Subpage 1&lt;div id="idvt8u" class="row sectionBlockLayout text-left" style="display: flex; flex-wrap: wrap; margin: 0px; min-height: auto; padding: 8px;"&gt;
  &lt;div class="container" id="i7lcp2" style="padding: 0px; display: flex; flex-wrap: wrap;"&gt;&lt;div class="col-md-12 columnBlockLayout" style="flex-grow: 1; display: flex; flex-direction: column; min-width: 250px;"&gt;&lt;/div&gt;&lt;/div&gt;
&lt;/div&gt;
Add a Team</searchcontent>
  <statecode>0</statecode>
  <statuscode>1</statuscode>
</powerpagecomponent>