<powerpagecomponent powerpagecomponentid="b88e50ff-bdc6-f011-8544-6045bde7fb3a">
  <content>{"source":"&lt;style&gt;\r\n    nav{\r\n        cursor: pointer;\r\n        position: fixed;\r\n        top: 0;\r\n        bottom: 0;\r\n        left: -16em;\r\n        border-right: 30px solid #2E456B;\r\n        box-shadow: 10px 10px 40px white;\r\n        background-color: #2E456B;\r\n    }\r\n    nav ul{\r\n        padding: 1em;\r\n        margin: 0;\r\n        list-style-type: none;\r\n        width: 16em;\r\n    }\r\n\r\n&lt;/style&gt;\r\n\r\n&lt;script src=\"https://ajax.googleapis.com/ajax/libs/jquery/3.6.4/jquery.min.js\"&gt;&lt;/script&gt;\r\n\r\n&lt;script&gt;\r\n\r\n$(document).ready(()=&gt;{\r\n\r\nlet nav;\r\n\r\nlet rightArrow = \"&lt;span id='rightArrow'&gt;&lt;/span&gt;\"\r\n\r\nnav = $(\".nav\");\r\n\r\n$(nav).append(rightArrow)\r\n\r\n})\r\n&lt;/script&gt;"}</content>
  <iscustomizable>1</iscustomizable>
  <name>Custom Side Bar</name>
  <powerpagecomponenttype>8</powerpagecomponenttype>
  <powerpagesiteid>
    <powerpagesiteid>5f70b5df-786c-4df3-b1e8-a2c69a2888e3</powerpagesiteid>
  </powerpagesiteid>
  <statecode>0</statecode>
  <statuscode>1</statuscode>
</powerpagecomponent>