<powerpagecomponent powerpagecomponentid="b6d502ea-46c0-41fe-bfa0-57d87ebbc5e1">
  <content>{"disablepagevalidation":false,"displayimageonly":false,"displayorder":3,"displaypagechildlinks":false,"openinnewwindow":false,"pageid":"19fa914f-3d9f-42e9-8209-4290589b7558","publishingstateid":"61fe0133-539e-405b-8bb5-b47990a1b0e6","robotsfollowlink":true,"weblinksetid":"aeac877d-396a-4e2b-9afd-08c2bbcc4a92"}</content>
  <iscustomizable>1</iscustomizable>
  <name>Contact us</name>
  <powerpagecomponenttype>5</powerpagecomponenttype>
  <powerpagesiteid>
    <powerpagesiteid>5f70b5df-786c-4df3-b1e8-a2c69a2888e3</powerpagesiteid>
  </powerpagesiteid>
  <statecode>0</statecode>
  <statuscode>1</statuscode>
</powerpagecomponent>