<powerpagecomponent powerpagecomponentid="0deca7d7-89c0-4409-84bc-12518f9e2fb9">
  <content>{"display_name":"Search/Facet/Downloads","type":756150000,"value":"Downloads"}</content>
  <iscustomizable>1</iscustomizable>
  <name>Search/Facet/Downloads</name>
  <powerpagecomponenttype>7</powerpagecomponenttype>
  <powerpagesiteid>
    <powerpagesiteid>5f70b5df-786c-4df3-b1e8-a2c69a2888e3</powerpagesiteid>
  </powerpagesiteid>
  <powerpagesitelanguageid>
    <powerpagesitelanguageid>5ffe60b9-5500-41db-b38a-c180cf7a1562</powerpagesitelanguageid>
  </powerpagesitelanguageid>
  <statecode>0</statecode>
  <statuscode>1</statuscode>
</powerpagecomponent>