<powerpagecomponent powerpagecomponentid="3788144e-9974-00b7-9403-3830c0430463">
  <content>{
  "displayorder": null,
  "weblinksetid": "aeac877d-396a-4e2b-9afd-08c2bbcc4a92",
  "pageid": "8907c98a-a6e6-f336-925f-b1f476d65964",
  "publishingstateid": "61fe0133-539e-405b-8bb5-b47990a1b0e6",
  "displaypagevalidation": false,
  "displayimageonly": false,
  "displaypagechildlinks": false,
  "openinnewwindow": false,
  "robotsfollowlink": true
}</content>
  <iscustomizable>1</iscustomizable>
  <name>User Access-deleted</name>
  <powerpagecomponenttype>5</powerpagecomponenttype>
  <powerpagesiteid>
    <powerpagesiteid>5f70b5df-786c-4df3-b1e8-a2c69a2888e3</powerpagesiteid>
  </powerpagesiteid>
  <statecode>1</statecode>
  <statuscode>2</statuscode>
</powerpagecomponent>