<powerpagecomponent powerpagecomponentid="c9c80e6f-fc9e-4955-8ba3-ee4228b0362a">
  <content>{
  "filecontent": null,
  "copy": "{% assign currentUserId = user.contact.id | default: user.id %} {% if currentUserId == nil or currentUserId == '' %}\n&lt;p&gt;Please sign in to see your teams.&lt;/p&gt;\n{% else %} {% fetchxml teams %}\n&lt;fetch&gt;\n  &lt;entity name=\"niq_team\"&gt;\n    &lt;attribute name=\"niq_teamid\" /&gt;\n    &lt;attribute name=\"niq_name\" /&gt;\n    &lt;attribute name=\"niq_description\" /&gt;\n    &lt;attribute name=\"niq_createdby\"/&gt;\n    &lt;link-entity name=\"niq_teammember\" from=\"niq_team\" to=\"niq_teamid\" alias=\"tm\"&gt;\n      &lt;filter type=\"and\"&gt;\n        &lt;condition attribute=\"niq_contact\" operator=\"eq\" value=\"{{ currentUserId }}\" /&gt;\n      &lt;/filter&gt;\n    &lt;/link-entity&gt;\n  &lt;/entity&gt;\n&lt;/fetch&gt;\n{% endfetchxml %}\n\n\n  &lt;div class=\"container\"&gt;\n    &lt;table class=\"table table-striped\"&gt;\n      &lt;thead&gt;\n        &lt;th&gt;&lt;h3&gt;My Teams &lt;/h3&gt;&lt;/th&gt;\n        &lt;th&gt;&lt;/th&gt;\n        &lt;th class=\"text-end\"&gt;\n        &lt;a class=\"btn btn-secondary open-sidepane\" \n          data-url=\"/Create-Team\"&gt;\n            Add a Team\n        &lt;/a&gt;\n\n      &lt;!-- Offcanvas Side Pane --&gt;\n      &lt;div class=\"offcanvas offcanvas-end\" tabindex=\"-1\" id=\"sidePane\"&gt;\n        &lt;div class=\"offcanvas-header\"&gt;\n          &lt;h5 class=\"offcanvas-title\" id=\"sidePaneTitle\"&gt;Loading...&lt;/h5&gt;\n          &lt;button type=\"button\" class=\"btn-close\" data-bs-dismiss=\"offcanvas\"&gt;&lt;/button&gt;\n        &lt;/div&gt;\n        &lt;div class=\"offcanvas-body\" style=\"padding:0;\"&gt;\n          &lt;iframe id=\"sidePaneContent\" style=\"width:100%;height:100%;border:none;\"&gt;&lt;/iframe&gt;\n        &lt;/div&gt;\n      &lt;/div&gt;\n\n      &lt;!-- Script --&gt;\n      &lt;script&gt;\n      document.querySelectorAll('.open-sidepane').forEach(button =&gt; {\n          button.addEventListener('click', function(e) {\n              e.preventDefault();\n              const url = this.getAttribute('data-url');\n              const title = this.textContent.trim();\n              \n              // Set title and iframe src\n              document.getElementById('sidePaneTitle').textContent = title;\n              document.getElementById('sidePaneContent').src = url;\n\n              // Show offcanvas\n              const offcanvas = new bootstrap.Offcanvas(document.getElementById('sidePane'));\n              offcanvas.show();\n          });\n      });\n      &lt;/script&gt;\n    &lt;/th&gt;\n    &lt;/thead&gt;\n    &lt;/table&gt;\n  &lt;/div&gt;\n  &lt;div class=\"container\"&gt;&lt;div class=\"container\"&gt;&lt;div class=\"container\"&gt;\n  &lt;table class=\"table table-striped\"&gt;\n    &lt;thead&gt;\n      &lt;tr&gt;\n        &lt;th&gt;Name&lt;/th&gt;\n        &lt;th&gt;Description&lt;/th&gt;\n        &lt;!-- &lt;th&gt;Admin&lt;/th&gt; --&gt;\n        &lt;th&gt;View Details&lt;/th&gt;\n      &lt;/tr&gt;\n    &lt;/thead&gt;\n    &lt;tbody&gt;\n      {% for team in teams.results.entities %}\n      &lt;tr&gt;\n        &lt;td&gt;{{ team.niq_name }}&lt;/td&gt;\n        &lt;td&gt;{{ team.niq_description }}&lt;/td&gt;\n        &lt;!-- &lt;td&gt;{{ team.niq_createdby.label }}&lt;/td&gt; --&gt;\n        &lt;td&gt;\n          &lt;!-- IMPORTANT: pass teamid in querystring --&gt;\n          &lt;button class=\"btn btn-sm btn-secondary\" type=\"button\" onclick=\"window.location.href='/Team-Members?teamid={{ team.niq_teamid | url_encode }}&amp;teamname={{team.niq_name | url_encode}}'\"&gt;View Details&lt;/button&gt;\n        &lt;/td&gt;\n      &lt;/tr&gt;\n      {% endfor %} {% if teams.results.entities.size == 0 %}\n      &lt;tr&gt;\n        &lt;td colspan=\"4\"&gt;Your rocket is fueled, but no team to launch. Assemble now!&lt;/td&gt;\n      &lt;/tr&gt;\n      {% endif %}\n    &lt;/tbody&gt;\n  &lt;/table&gt;\n&lt;/div&gt;&lt;/div&gt;&lt;/div&gt;\n{% endif %}\n&lt;div class=\"row sectionBlockLayout text-start\" style=\"display: flex; flex-wrap: wrap; margin: 0px; min-height: auto; padding: 8px;\"&gt;\n  &lt;div class=\"container\" style=\"padding: 0px; display: flex; flex-wrap: wrap;\"&gt;&lt;div class=\"col-lg-12 columnBlockLayout\" style=\"flex-grow: 1; display: flex; flex-direction: column; min-width: 250px;\"&gt;&lt;/div&gt;&lt;/div&gt;\n&lt;/div&gt;\n",
  "displayorder": 2,
  "enablerating": false,
  "enabletracking": false,
  "excludefromsearch": false,
  "feedbackpolicy": 756150000,
  "hiddenfromsitemap": false,
  "isroot": false,
  "pagetemplateid": "4ea1f15e-c322-4fa2-a981-958d00d40b3b",
  "parentpageid": "5b262195-06e7-4524-99bd-8dd51e0e8b54",
  "partialurl": "subpage-2",
  "publishingstateid": "61fe0133-539e-405b-8bb5-b47990a1b0e6",
  "rootwebpageid": "7a7f9912-fd56-4f50-bef2-0effdbaf4c46",
  "sharedpageconfiguration": false,
  "summary": "&lt;p&gt;You can include a description of your child page here.&lt;/p&gt;",
  "title": "My Teams"
}</content>
  <iscustomizable>1</iscustomizable>
  <name>My Teams</name>
  <powerpagecomponenttype>2</powerpagecomponenttype>
  <powerpagesiteid>
    <powerpagesiteid>5f70b5df-786c-4df3-b1e8-a2c69a2888e3</powerpagesiteid>
  </powerpagesiteid>
  <powerpagesitelanguageid>
    <powerpagesitelanguageid>5ffe60b9-5500-41db-b38a-c180cf7a1562</powerpagesitelanguageid>
  </powerpagesitelanguageid>
  <searchcontent>My Teams{% assign currentUserId = user.contact.id | default: user.id %} {% if currentUserId == nil or currentUserId == '' %}
&lt;p&gt;Please sign in to see your teams.&lt;/p&gt;
{% else %} {% fetchxml teams %}
&lt;fetch&gt;
  &lt;entity name="niq_team"&gt;
    &lt;attribute name="niq_teamid" /&gt;
    &lt;attribute name="niq_name" /&gt;
    &lt;attribute name="niq_description" /&gt;
    &lt;attribute name="niq_createdby"/&gt;
    &lt;link-entity name="niq_teammember" from="niq_team" to="niq_teamid" alias="tm"&gt;
      &lt;filter type="and"&gt;
        &lt;condition attribute="niq_contact" operator="eq" value="{{ currentUserId }}" /&gt;
      &lt;/filter&gt;
    &lt;/link-entity&gt;
  &lt;/entity&gt;
&lt;/fetch&gt;
{% endfetchxml %}


  &lt;div class="container"&gt;
    &lt;table class="table table-striped"&gt;
      &lt;thead&gt;
        &lt;th&gt;&lt;h3&gt;My Teams &lt;/h3&gt;&lt;/th&gt;
        &lt;th&gt;&lt;/th&gt;
        &lt;th class="text-end"&gt;
        &lt;a class="btn btn-secondary open-sidepane" 
          data-url="/Create-Team"&gt;
            Add a Team
        &lt;/a&gt;

      &lt;!-- Offcanvas Side Pane --&gt;
      &lt;div class="offcanvas offcanvas-end" tabindex="-1" id="sidePane"&gt;
        &lt;div class="offcanvas-header"&gt;
          &lt;h5 class="offcanvas-title" id="sidePaneTitle"&gt;Loading...&lt;/h5&gt;
          &lt;button type="button" class="btn-close" data-bs-dismiss="offcanvas"&gt;&lt;/button&gt;
        &lt;/div&gt;
        &lt;div class="offcanvas-body" style="padding:0;"&gt;
          &lt;iframe id="sidePaneContent" style="width:100%;height:100%;border:none;"&gt;&lt;/iframe&gt;
        &lt;/div&gt;
      &lt;/div&gt;

      &lt;!-- Script --&gt;
      &lt;script&gt;
      document.querySelectorAll('.open-sidepane').forEach(button =&gt; {
          button.addEventListener('click', function(e) {
              e.preventDefault();
              const url = this.getAttribute('data-url');
              const title = this.textContent.trim();
              
              // Set title and iframe src
              document.getElementById('sidePaneTitle').textContent = title;
              document.getElementById('sidePaneContent').src = url;

              // Show offcanvas
              const offcanvas = new bootstrap.Offcanvas(document.getElementById('sidePane'));
              offcanvas.show();
          });
      });
      &lt;/script&gt;
    &lt;/th&gt;
    &lt;/thead&gt;
    &lt;/table&gt;
  &lt;/div&gt;
  &lt;div class="container"&gt;&lt;div class="container"&gt;&lt;div class="container"&gt;
  &lt;table class="table table-striped"&gt;
    &lt;thead&gt;
      &lt;tr&gt;
        &lt;th&gt;Name&lt;/th&gt;
        &lt;th&gt;Description&lt;/th&gt;
        &lt;!-- &lt;th&gt;Admin&lt;/th&gt; --&gt;
        &lt;th&gt;View Details&lt;/th&gt;
      &lt;/tr&gt;
    &lt;/thead&gt;
    &lt;tbody&gt;
      {% for team in teams.results.entities %}
      &lt;tr&gt;
        &lt;td&gt;{{ team.niq_name }}&lt;/td&gt;
        &lt;td&gt;{{ team.niq_description }}&lt;/td&gt;
        &lt;!-- &lt;td&gt;{{ team.niq_createdby.label }}&lt;/td&gt; --&gt;
        &lt;td&gt;
          &lt;!-- IMPORTANT: pass teamid in querystring --&gt;
          &lt;button class="btn btn-sm btn-secondary" type="button" onclick="window.location.href='/Team-Members?teamid={{ team.niq_teamid | url_encode }}&amp;teamname={{team.niq_name | url_encode}}'"&gt;View Details&lt;/button&gt;
        &lt;/td&gt;
      &lt;/tr&gt;
      {% endfor %} {% if teams.results.entities.size == 0 %}
      &lt;tr&gt;
        &lt;td colspan="4"&gt;Your rocket is fueled, but no team to launch. Assemble now!&lt;/td&gt;
      &lt;/tr&gt;
      {% endif %}
    &lt;/tbody&gt;
  &lt;/table&gt;
&lt;/div&gt;&lt;/div&gt;&lt;/div&gt;
{% endif %}
&lt;div class="row sectionBlockLayout text-start" style="display: flex; flex-wrap: wrap; margin: 0px; min-height: auto; padding: 8px;"&gt;
  &lt;div class="container" style="padding: 0px; display: flex; flex-wrap: wrap;"&gt;&lt;div class="col-lg-12 columnBlockLayout" style="flex-grow: 1; display: flex; flex-direction: column; min-width: 250px;"&gt;&lt;/div&gt;&lt;/div&gt;
&lt;/div&gt;
My Teams</searchcontent>
  <statecode>0</statecode>
  <statuscode>1</statuscode>
</powerpagecomponent>