<powerpagesitelanguages>
  <powerpagesitelanguage powerpagesitelanguageid="5ffe60b9-5500-41db-b38a-c180cf7a1562">
    <content>{"publishingstate":"61fe0133-539e-405b-8bb5-b47990a1b0e6","systemlanguage":1033}</content>
    <displayname>English</displayname>
    <iscustomizable>1</iscustomizable>
    <languagecode>en-US</languagecode>
    <lcid>1033</lcid>
    <name>English</name>
    <powerpagesiteid>
      <powerpagesiteid>5f70b5df-786c-4df3-b1e8-a2c69a2888e3</powerpagesiteid>
    </powerpagesiteid>
    <statecode>0</statecode>
    <statuscode>1</statuscode>
  </powerpagesitelanguage>
</powerpagesitelanguages>