<powerpagesites>
  <powerpagesite powerpagesiteid="5f70b5df-786c-4df3-b1e8-a2c69a2888e3">
    <content>{
  "defaultlanguage": "5ffe60b9-5500-41db-b38a-c180cf7a1562",
  "footerwebtemplateid": "1ac1cddf-b882-46df-9ebc-0d174302bef9",
  "headerwebtemplateid": "302a2b79-f6bc-4809-bba7-7fbc2d7fa1f4",
  "statecode": 0,
  "statuscode": 1,
  "website_language": 1033,
  "defaultbotconsumerid": "dfc9291f-8fc6-f011-8544-6045bde7fb3a",
  "parentwebsiteid": "5f70b5df-786c-4df3-b1e8-a2c69a2888e3"
}</content>
    <datamodelversion>2.0</datamodelversion>
    <iscustomizable>1</iscustomizable>
    <name>MASH VACATION SPLITTER - site-r2hsw</name>
    <primarydomainname>site-r2hsw.powerappsportals.com</primarydomainname>
    <statecode>0</statecode>
    <statuscode>1</statuscode>
  </powerpagesite>
</powerpagesites>