<powerpagecomponent powerpagecomponentid="792ff910-8430-a304-9441-f317892eb343">
  <content>{
  "filecontent": null,
  "displayorder": null,
  "customcss": "",
  "customjavascript": "",
  "pagetemplateid": "4ea1f15e-c322-4fa2-a981-958d00d40b3b",
  "parentpageid": "5b262195-06e7-4524-99bd-8dd51e0e8b54",
  "partialurl": "Join-Team-deleted",
  "isroot": false,
  "rootwebpageid": "bf022e0c-637a-eab7-261c-488030814c32",
  "title": "Join Team",
  "summary": "&lt;p&gt;This is a sample landing page designed to be a starting point for your website&lt;/p&gt;",
  "copy": "&lt;div class=\"row sectionBlockLayout text-start\" style=\"min-height: auto; padding: 8px;\"&gt;\n  &lt;div class=\"container\" style=\"display: flex; flex-wrap: wrap;\"&gt;\n    &lt;div class=\"col-lg-12 columnBlockLayout\" style=\"padding: 16px; margin: 60px 0px; min-height: 200px;\"&gt;&lt;/div&gt;\n  &lt;/div&gt;\n&lt;/div&gt;\n\n{% assign teamId = request.params['teamId'] %} {% if user %}\n&lt;h3&gt;Join Team&lt;/h3&gt;\n{% if teamId == nil or teamId == '' %}\n&lt;p&gt;Team ID is missing. Please check the invite link.&lt;/p&gt;\n{% else %}\n&lt;p&gt;You are signed in as &lt;strong&gt;{{ user.fullname }}&lt;/strong&gt;.&lt;/p&gt;\n&lt;button id=\"joinTeamBtn\" class=\"btn btn-primary\"&gt;Join Team&lt;/button&gt;\n&lt;p id=\"statusMsg\" style=\"margin-top:10px;\"&gt;&lt;/p&gt;\n\n&lt;script&gt;\n  document.getElementById(\"joinTeamBtn\").addEventListener(\"click\", function() {\n      const teamId = \"{{ teamId }}\";\n      const contactId = \"{{ user.contactid }}\";\n\n      if (!teamId || !contactId) {\n          document.getElementById(\"statusMsg\").innerText = \"Missing team or contact information.\";\n          return;\n      }\n\n      fetch(\"/_api/niq_teammembers\", {\n          method: \"POST\",\n          headers: {\n              \"Content-Type\": \"application/json\",\n              \"OData-MaxVersion\": \"4.0\",\n              \"OData-Version\": \"4.0\",\n              \"Prefer\": \"return=representation\"\n          },\n          body: JSON.stringify({\n              \"niq_name\": \"Member from Invite\",\n              \"niq_teamid@odata.bind\": \"/niq_teams(\" + teamId + \")\",\n              \"niq_contactid@odata.bind\": \"/contacts(\" + contactId + \")\"\n          })\n      })\n      .then(response =&gt; {\n          if (response.ok) {\n              document.getElementById(\"statusMsg\").innerText = \"You have successfully joined the team!\";\n          } else {\n              response.text().then(text =&gt; {\n                  document.getElementById(\"statusMsg\").innerText = \"Error: \" + text;\n              });\n          }\n      })\n      .catch(error =&gt; {\n          document.getElementById(\"statusMsg\").innerText = \"Error: \" + error;\n      });\n  });\n&lt;/script&gt;\n{% endif %} {% else %}\n&lt;p&gt;Please &lt;a href=\"/SignIn\"&gt;sign in&lt;/a&gt; to join the team.&lt;/p&gt;\n%}\n&lt;div class=\"row sectionBlockLayout text-start\" style=\"display: flex; flex-wrap: wrap; margin: 0px; min-height: auto; padding: 8px;\"&gt;\n  &lt;div class=\"container\" style=\"padding: 0px; display: flex; flex-wrap: wrap;\"&gt;&lt;div class=\"col-lg-12 columnBlockLayout\" style=\"flex-grow: 1; display: flex; flex-direction: column; min-width: 250px;\"&gt;&lt;/div&gt;&lt;/div&gt;\n&lt;/div&gt;\n&lt;div class=\"row sectionBlockLayout text-start\" style=\"display: flex; flex-wrap: wrap; margin: 0px; min-height: auto; padding: 8px;\"&gt;\n  &lt;div class=\"container\" style=\"padding: 0px; display: flex; flex-wrap: wrap;\"&gt;&lt;div class=\"col-lg-12 columnBlockLayout\" style=\"flex-grow: 1; display: flex; flex-direction: column; min-width: 250px;\"&gt;&lt;/div&gt;&lt;/div&gt;\n&lt;/div&gt;\n",
  "publishingstateid": "61fe0133-539e-405b-8bb5-b47990a1b0e6",
  "enablerating": false,
  "enabletracking": false,
  "excludefromsearch": false,
  "hiddenfromsitemap": true,
  "sharedpageconfiguration": false
}</content>
  <iscustomizable>1</iscustomizable>
  <name>Join Team-deleted</name>
  <powerpagecomponenttype>2</powerpagecomponenttype>
  <powerpagesiteid>
    <powerpagesiteid>5f70b5df-786c-4df3-b1e8-a2c69a2888e3</powerpagesiteid>
  </powerpagesiteid>
  <powerpagesitelanguageid>
    <powerpagesitelanguageid>5ffe60b9-5500-41db-b38a-c180cf7a1562</powerpagesitelanguageid>
  </powerpagesitelanguageid>
  <searchcontent>Join Team&lt;div class="row sectionBlockLayout text-start" style="min-height: auto; padding: 8px;"&gt;
  &lt;div class="container" style="display: flex; flex-wrap: wrap;"&gt;
    &lt;div class="col-lg-12 columnBlockLayout" style="padding: 16px; margin: 60px 0px; min-height: 200px;"&gt;&lt;/div&gt;
  &lt;/div&gt;
&lt;/div&gt;

{% assign teamId = request.params['teamId'] %} {% if user %}
&lt;h3&gt;Join Team&lt;/h3&gt;
{% if teamId == nil or teamId == '' %}
&lt;p&gt;Team ID is missing. Please check the invite link.&lt;/p&gt;
{% else %}
&lt;p&gt;You are signed in as &lt;strong&gt;{{ user.fullname }}&lt;/strong&gt;.&lt;/p&gt;
&lt;button id="joinTeamBtn" class="btn btn-primary"&gt;Join Team&lt;/button&gt;
&lt;p id="statusMsg" style="margin-top:10px;"&gt;&lt;/p&gt;

&lt;script&gt;
  document.getElementById("joinTeamBtn").addEventListener("click", function() {
      const teamId = "{{ teamId }}";
      const contactId = "{{ user.contactid }}";

      if (!teamId || !contactId) {
          document.getElementById("statusMsg").innerText = "Missing team or contact information.";
          return;
      }

      fetch("/_api/niq_teammembers", {
          method: "POST",
          headers: {
              "Content-Type": "application/json",
              "OData-MaxVersion": "4.0",
              "OData-Version": "4.0",
              "Prefer": "return=representation"
          },
          body: JSON.stringify({
              "niq_name": "Member from Invite",
              "niq_teamid@odata.bind": "/niq_teams(" + teamId + ")",
              "niq_contactid@odata.bind": "/contacts(" + contactId + ")"
          })
      })
      .then(response =&gt; {
          if (response.ok) {
              document.getElementById("statusMsg").innerText = "You have successfully joined the team!";
          } else {
              response.text().then(text =&gt; {
                  document.getElementById("statusMsg").innerText = "Error: " + text;
              });
          }
      })
      .catch(error =&gt; {
          document.getElementById("statusMsg").innerText = "Error: " + error;
      });
  });
&lt;/script&gt;
{% endif %} {% else %}
&lt;p&gt;Please &lt;a href="/SignIn"&gt;sign in&lt;/a&gt; to join the team.&lt;/p&gt;
%}
&lt;div class="row sectionBlockLayout text-start" style="display: flex; flex-wrap: wrap; margin: 0px; min-height: auto; padding: 8px;"&gt;
  &lt;div class="container" style="padding: 0px; display: flex; flex-wrap: wrap;"&gt;&lt;div class="col-lg-12 columnBlockLayout" style="flex-grow: 1; display: flex; flex-direction: column; min-width: 250px;"&gt;&lt;/div&gt;&lt;/div&gt;
&lt;/div&gt;
&lt;div class="row sectionBlockLayout text-start" style="display: flex; flex-wrap: wrap; margin: 0px; min-height: auto; padding: 8px;"&gt;
  &lt;div class="container" style="padding: 0px; display: flex; flex-wrap: wrap;"&gt;&lt;div class="col-lg-12 columnBlockLayout" style="flex-grow: 1; display: flex; flex-direction: column; min-width: 250px;"&gt;&lt;/div&gt;&lt;/div&gt;
&lt;/div&gt;
Join Team-deleted</searchcontent>
  <statecode>1</statecode>
  <statuscode>2</statuscode>
</powerpagecomponent>