<powerpagecomponent powerpagecomponentid="afdb7678-4c91-41c2-9cd2-9a70f4f008e3">
  <content>{"adddescription":false,"attributelogicalname":"adx_createdbycontact","descriptionposition":100000000,"entityform":"d65a59fd-3856-45fe-866a-11c26374755a","fieldisrequired":true,"ignoredefaultvalue":false,"onsavetype":100000000,"randomizeoptionsetvalues":false,"setvalueonsave":false,"type":100000000,"useattributedescriptionproperty":true}</content>
  <iscustomizable>1</iscustomizable>
  <name>simple contact us form adx_createdbycontact</name>
  <powerpagecomponenttype>16</powerpagecomponenttype>
  <powerpagesiteid>
    <powerpagesiteid>5f70b5df-786c-4df3-b1e8-a2c69a2888e3</powerpagesiteid>
  </powerpagesiteid>
  <statecode>0</statecode>
  <statuscode>1</statuscode>
</powerpagecomponent>