<powerpagecomponent powerpagecomponentid="98c6e391-2209-46ac-999e-6621b42b6d75">
  <content>{"createdOn":"2025-12-04T08:36:16.660Z","parentpageid":"5b262195-06e7-4524-99bd-8dd51e0e8b54","publishingstateid":"61fe0133-539e-405b-8bb5-b47990a1b0e6","partialurl":"Authentication-4.jpg","title":"","summary":"","enabletracking":false,"excludefromsearch":false,"hiddenfromsitemap":false}</content>
  <filecontent mimetype="image/jpeg">Authentication-4.jpg</filecontent>
  <iscustomizable>1</iscustomizable>
  <name>Authentication-4.jpg</name>
  <powerpagecomponenttype>3</powerpagecomponenttype>
  <powerpagesiteid>
    <powerpagesiteid>5f70b5df-786c-4df3-b1e8-a2c69a2888e3</powerpagesiteid>
  </powerpagesiteid>
  <statecode>0</statecode>
  <statuscode>1</statuscode>
</powerpagecomponent>