<powerpagecomponent powerpagecomponentid="b9651243-8c19-41ea-86f1-6521133f60f3">
  <content>{"createdOn":"2025-12-04T08:30:24.592Z","parentpageid":"5b262195-06e7-4524-99bd-8dd51e0e8b54","publishingstateid":"61fe0133-539e-405b-8bb5-b47990a1b0e6","partialurl":"SignIn-3.jpg","title":"","summary":"","enabletracking":false,"excludefromsearch":false,"hiddenfromsitemap":false}</content>
  <filecontent mimetype="image/jpeg">SignIn-3.jpg</filecontent>
  <iscustomizable>1</iscustomizable>
  <name>SignIn-3.jpg</name>
  <powerpagecomponenttype>3</powerpagecomponenttype>
  <powerpagesiteid>
    <powerpagesiteid>5f70b5df-786c-4df3-b1e8-a2c69a2888e3</powerpagesiteid>
  </powerpagesiteid>
  <statecode>0</statecode>
  <statuscode>1</statuscode>
</powerpagecomponent>