<powerpagecomponent powerpagecomponentid="2a492003-67cb-f011-8544-6045bde7fb3a">
  <content>{
  "filecontent": null,
  "attributelogicalname": "niq_amountpaidby",
  "type": 100000000,
  "fieldisrequired": true,
  "useattributedescriptionproperty": true,
  "descriptionposition": 100000000,
  "adddescription": false,
  "setvalueonsave": false,
  "ignoredefaultvalue": false,
  "randomizeoptionsetvalues": false,
  "entityformforcreate": "6fe7643d-537e-4544-bee1-49e1749b5d4a",
  "entityform": "6fe7643d-537e-4544-bee1-49e1749b5d4a",
  "label": "[{\"LCID\":1033,\"Value\":\"Amount paid By\"}]",
  "requiredfieldvalidationerrormessage": "[{\"LCID\":1033,\"Value\":\"\"}]",
  "useCustomErrorMessage": false,
  "description": "[{\"LCID\":1033,\"Value\":\"\"}]",
  "validationMode": "",
  "validationregularexpression": "",
  "validationSimple": {},
  "controlstyle": null,
  "addPrePopulate": false,
  "lcid": 1033,
  "validationregularexpressionerrormessage": "",
  "isPCFComponent": false,
  "fieldType": "LookupType",
  "telemetryData": {
    "fieldType": "LookupType",
    "formId": "6fe7643d-537e-4544-bee1-49e1749b5d4a",
    "isPrePopulateEnabled": false
  }
}</content>
  <iscustomizable>1</iscustomizable>
  <name>Expense Form niq_amountpaidby</name>
  <powerpagecomponenttype>16</powerpagecomponenttype>
  <powerpagesiteid>
    <powerpagesiteid>5f70b5df-786c-4df3-b1e8-a2c69a2888e3</powerpagesiteid>
  </powerpagesiteid>
  <statecode>0</statecode>
  <statuscode>1</statuscode>
</powerpagecomponent>