<powerpagecomponent powerpagecomponentid="2638829d-9d82-ba68-34f5-125372616991">
  <content>{
  "displayorder": 6,
  "weblinksetid": "aeac877d-396a-4e2b-9afd-08c2bbcc4a92",
  "pageid": "519831cf-221a-6f60-b8c3-4b891afbe2bc",
  "publishingstateid": "61fe0133-539e-405b-8bb5-b47990a1b0e6",
  "displaypagevalidation": false,
  "displayimageonly": false,
  "displaypagechildlinks": false,
  "openinnewwindow": false,
  "robotsfollowlink": true
}</content>
  <iscustomizable>1</iscustomizable>
  <name>New Team-deleted</name>
  <powerpagecomponenttype>5</powerpagecomponenttype>
  <powerpagesiteid>
    <powerpagesiteid>5f70b5df-786c-4df3-b1e8-a2c69a2888e3</powerpagesiteid>
  </powerpagesiteid>
  <statecode>1</statecode>
  <statuscode>2</statuscode>
</powerpagecomponent>