<powerpagecomponent powerpagecomponentid="8ad7aa55-2f66-42f8-9ea1-a24e797a87c3">
  <content>{
  "filecontent": null,
  "value": "Sign in with Google"
}</content>
  <iscustomizable>1</iscustomizable>
  <name>Authentication/OpenAuth/Google/Caption</name>
  <powerpagecomponenttype>9</powerpagecomponenttype>
  <powerpagesiteid>
    <powerpagesiteid>5f70b5df-786c-4df3-b1e8-a2c69a2888e3</powerpagesiteid>
  </powerpagesiteid>
  <statecode>0</statecode>
  <statuscode>1</statuscode>
</powerpagecomponent>