<powerpagecomponent powerpagecomponentid="e1653dc1-adcc-87c5-d280-3604740a7f31">
  <content>{"filecontent":null,"displayorder":null,"customcss":"","customjavascript":"","pagetemplateid":"4ea1f15e-c322-4fa2-a981-958d00d40b3b","parentpageid":"5b262195-06e7-4524-99bd-8dd51e0e8b54","partialurl":"Edit-Team","isroot":false,"rootwebpageid":"fd3f5ae8-88db-e3a4-4486-3bd4e246ebd0","title":"Edit Team","summary":"&lt;p&gt;This is a sample landing page designed to be a starting point for your website&lt;/p&gt;","copy":"&lt;div class=\"row sectionBlockLayout text-start\" style=\"display: flex; flex-wrap: wrap; margin: 0px; min-height: auto; padding: 8px;\"&gt;\n  &lt;div class=\"container\" style=\"display: flex; flex-wrap: wrap;\"&gt;&lt;div class=\"col-lg-12 columnBlockLayout\" style=\"flex-grow: 1; display: flex; flex-direction: column; min-width: 250px; padding: 16px; margin: 60px 0px;\"&gt;{% entityform name: 'Edit Team' %}&lt;/div&gt;&lt;/div&gt;\n&lt;/div&gt;\n&lt;script&gt;\n  document.addEventListener(\"DOMContentLoaded\", () =&gt; {\n    document.querySelector(\".navbar\")?.remove();\n    document.querySelector(\"footer\")?.remove();\n  });\n&lt;/script&gt;","publishingstateid":"61fe0133-539e-405b-8bb5-b47990a1b0e6","enablerating":false,"enabletracking":false,"excludefromsearch":false,"hiddenfromsitemap":true,"sharedpageconfiguration":false}</content>
  <iscustomizable>1</iscustomizable>
  <name>Edit Team</name>
  <powerpagecomponenttype>2</powerpagecomponenttype>
  <powerpagesiteid>
    <powerpagesiteid>5f70b5df-786c-4df3-b1e8-a2c69a2888e3</powerpagesiteid>
  </powerpagesiteid>
  <powerpagesitelanguageid>
    <powerpagesitelanguageid>5ffe60b9-5500-41db-b38a-c180cf7a1562</powerpagesitelanguageid>
  </powerpagesitelanguageid>
  <searchcontent>Edit Team&lt;div class="row sectionBlockLayout text-start" style="display: flex; flex-wrap: wrap; margin: 0px; min-height: auto; padding: 8px;"&gt;
  &lt;div class="container" style="display: flex; flex-wrap: wrap;"&gt;&lt;div class="col-lg-12 columnBlockLayout" style="flex-grow: 1; display: flex; flex-direction: column; min-width: 250px; padding: 16px; margin: 60px 0px;"&gt;{% entityform name: 'Edit Team' %}&lt;/div&gt;&lt;/div&gt;
&lt;/div&gt;
&lt;script&gt;
  document.addEventListener("DOMContentLoaded", () =&gt; {
    document.querySelector(".navbar")?.remove();
    document.querySelector("footer")?.remove();
  });
&lt;/script&gt;Edit Team</searchcontent>
  <statecode>0</statecode>
  <statuscode>1</statuscode>
</powerpagecomponent>