<powerpagecomponent powerpagecomponentid="b44d82ff-4d4a-41d4-affa-52aceb64eee3">
  <content>{
  "entityname": "Team Invite1",
  "entitylogicalname": "niq_teaminvite",
  "scope": 756150000,
  "append": true,
  "appendto": true,
  "delete": false,
  "read": true,
  "create": true,
  "write": true,
  "parentrelationship": null,
  "parententitypermission": null,
  "contactrelationship": null,
  "accountrelationship": null,
  "childTablePermissions": [],
  "adx_entitypermission_webrole": [
    "79cf8f21-311a-4de2-84d8-54c0a5ae524d",
    "2639d8a7-4b69-475a-b417-5bc46d967b30",
    "06ec1831-6d7e-49bf-8c62-e8002c8e6858"
  ],
  "permissionfetchxml": null
}</content>
  <iscustomizable>1</iscustomizable>
  <name>Team Invite1</name>
  <powerpagecomponenttype>18</powerpagecomponenttype>
  <powerpagesiteid>
    <powerpagesiteid>5f70b5df-786c-4df3-b1e8-a2c69a2888e3</powerpagesiteid>
  </powerpagesiteid>
  <statecode>0</statecode>
  <statuscode>1</statuscode>
</powerpagecomponent>