<powerpagecomponent powerpagecomponentid="520cd584-962a-420d-9989-9b1f69a3506c">
  <content>{"contentdisposition":756150000,"enabletracking":false,"excludefromsearch":false,"hiddenfromsitemap":false,"parentpageid":"5b262195-06e7-4524-99bd-8dd51e0e8b54","partialurl":"Logo-sm-64.png","publishingstateid":"61fe0133-539e-405b-8bb5-b47990a1b0e6"}</content>
  <filecontent mimetype="application/octet-stream">Logo-sm-64.png</filecontent>
  <iscustomizable>1</iscustomizable>
  <name>Logo-sm-64.png</name>
  <powerpagecomponenttype>3</powerpagecomponenttype>
  <powerpagesiteid>
    <powerpagesiteid>5f70b5df-786c-4df3-b1e8-a2c69a2888e3</powerpagesiteid>
  </powerpagesiteid>
  <statecode>0</statecode>
  <statuscode>1</statuscode>
</powerpagecomponent>