<powerpagecomponent powerpagecomponentid="6b2d3b4f-e831-4311-8e79-a3ce9dc413ad">
  <content>{"display_name":"Secondary Navigation","publishingstateid":"61fe0133-539e-405b-8bb5-b47990a1b0e6"}</content>
  <iscustomizable>1</iscustomizable>
  <name>Secondary Navigation</name>
  <powerpagecomponenttype>4</powerpagecomponenttype>
  <powerpagesiteid>
    <powerpagesiteid>5f70b5df-786c-4df3-b1e8-a2c69a2888e3</powerpagesiteid>
  </powerpagesiteid>
  <powerpagesitelanguageid>
    <powerpagesitelanguageid>5ffe60b9-5500-41db-b38a-c180cf7a1562</powerpagesitelanguageid>
  </powerpagesitelanguageid>
  <statecode>0</statecode>
  <statuscode>1</statuscode>
</powerpagecomponent>