<powerpagecomponent powerpagecomponentid="d3f3e572-22cc-f011-8544-6045bde7fb3a">
  <content>{
  "prepopulatefromattribute": "fullname",
  "prepopulatetype": 100000002,
  "attributelogicalname": "niq_createdby",
  "type": 100000000,
  "fieldisrequired": false,
  "useattributedescriptionproperty": true,
  "descriptionposition": 100000000,
  "adddescription": false,
  "setvalueonsave": true,
  "ignoredefaultvalue": true,
  "randomizeoptionsetvalues": false,
  "entityformforcreate": "7696774a-8739-45cc-8cfc-08afc2865295",
  "entityform": "7696774a-8739-45cc-8cfc-08afc2865295",
  "onsavefromattribute": "contactid",
  "onsavetype": 100000002
}</content>
  <iscustomizable>1</iscustomizable>
  <name>Create Team niq_createdby</name>
  <powerpagecomponenttype>16</powerpagecomponenttype>
  <powerpagesiteid>
    <powerpagesiteid>5f70b5df-786c-4df3-b1e8-a2c69a2888e3</powerpagesiteid>
  </powerpagesiteid>
  <statecode>0</statecode>
  <statuscode>1</statuscode>
</powerpagecomponent>