<powerpagecomponent powerpagecomponentid="71113709-59ba-9983-9135-0e39ecacc329">
  <content>{
  "displayorder": 7,
  "customcss": "",
  "customjavascript": "",
  "pagetemplateid": "4ea1f15e-c322-4fa2-a981-958d00d40b3b",
  "parentpageid": "5b262195-06e7-4524-99bd-8dd51e0e8b54",
  "partialurl": "New-Teams-deleted",
  "isroot": false,
  "rootwebpageid": "6bc8b173-72a4-9f38-5882-7f4d97fdfdfe",
  "title": "New Teams",
  "summary": "&lt;p&gt;This is a sample landing page designed to be a starting point for your website&lt;/p&gt;",
  "copy": "&lt;div class=\"row sectionBlockLayout text-start\" style=\"display: flex; flex-wrap: wrap; padding: 8px; margin: 0px; min-height: auto;\"&gt;\n  &lt;div class=\"container\" style=\"padding: 0px; display: flex; flex-wrap: wrap;\"&gt;\n    &lt;div class=\"col-lg-4 columnBlockLayout\" style=\"flex-grow: 1; display: flex; flex-direction: column; min-width: 250px;\"&gt;{% include 'entity_list' key: 'Active Teams' AISummaryTitle:'AI Insights' isAISummaryExpanded:'true' AISummaryChartTypes:'[1,2,3,4,5]' isAISummaryEnabled:'false' %}&lt;/div&gt;\n    &lt;div class=\"col-lg-8 columnBlockLayout\" style=\"flex-grow: 1; display: flex; flex-direction: column; min-width: 250px;\"&gt;{% include 'entity_list' key: 'Active Team Members' AISummaryTitle:'AI Insights' isAISummaryExpanded:'true' AISummaryChartTypes:'[1,2,3,4,5]' isAISummaryEnabled:'false' %}&lt;/div&gt;\n  &lt;/div&gt;\n&lt;/div&gt;\n",
  "publishingstateid": "61fe0133-539e-405b-8bb5-b47990a1b0e6",
  "enablerating": false,
  "enabletracking": false,
  "excludefromsearch": false,
  "hiddenfromsitemap": true,
  "sharedpageconfiguration": false
}</content>
  <iscustomizable>1</iscustomizable>
  <name>New Teams-deleted</name>
  <powerpagecomponenttype>2</powerpagecomponenttype>
  <powerpagesiteid>
    <powerpagesiteid>5f70b5df-786c-4df3-b1e8-a2c69a2888e3</powerpagesiteid>
  </powerpagesiteid>
  <powerpagesitelanguageid>
    <powerpagesitelanguageid>5ffe60b9-5500-41db-b38a-c180cf7a1562</powerpagesitelanguageid>
  </powerpagesitelanguageid>
  <searchcontent>New Teams&lt;div class="row sectionBlockLayout text-start" style="display: flex; flex-wrap: wrap; padding: 8px; margin: 0px; min-height: auto;"&gt;
  &lt;div class="container" style="padding: 0px; display: flex; flex-wrap: wrap;"&gt;
    &lt;div class="col-lg-4 columnBlockLayout" style="flex-grow: 1; display: flex; flex-direction: column; min-width: 250px;"&gt;{% include 'entity_list' key: 'Active Teams' AISummaryTitle:'AI Insights' isAISummaryExpanded:'true' AISummaryChartTypes:'[1,2,3,4,5]' isAISummaryEnabled:'false' %}&lt;/div&gt;
    &lt;div class="col-lg-8 columnBlockLayout" style="flex-grow: 1; display: flex; flex-direction: column; min-width: 250px;"&gt;{% include 'entity_list' key: 'Active Team Members' AISummaryTitle:'AI Insights' isAISummaryExpanded:'true' AISummaryChartTypes:'[1,2,3,4,5]' isAISummaryEnabled:'false' %}&lt;/div&gt;
  &lt;/div&gt;
&lt;/div&gt;
New Teams-deleted</searchcontent>
  <statecode>1</statecode>
  <statuscode>2</statuscode>
</powerpagecomponent>