<powerpagecomponent powerpagecomponentid="654b9530-d611-42ae-b93e-3fe1f8cf0b1e">
  <content>{"enablerating":false,"enabletracking":false,"excludefromsearch":false,"feedbackpolicy":756150000,"hiddenfromsitemap":true,"isroot":true,"pagetemplateid":"f6e310dc-cbba-4b3c-a797-3ff7a48e98b4","parentpageid":"5b262195-06e7-4524-99bd-8dd51e0e8b54","partialurl":"search","publishingstateid":"61fe0133-539e-405b-8bb5-b47990a1b0e6","sharedpageconfiguration":false}</content>
  <iscustomizable>1</iscustomizable>
  <name>Search</name>
  <powerpagecomponenttype>2</powerpagecomponenttype>
  <powerpagesiteid>
    <powerpagesiteid>5f70b5df-786c-4df3-b1e8-a2c69a2888e3</powerpagesiteid>
  </powerpagesiteid>
  <searchcontent>Search</searchcontent>
  <statecode>0</statecode>
  <statuscode>1</statuscode>
</powerpagecomponent>