<powerpagecomponent powerpagecomponentid="06b1f909-635d-4a86-9ce1-78bcf66ec941">
  <content>{"contentdisposition":756150000,"enabletracking":false,"excludefromsearch":false,"hiddenfromsitemap":false,"parentpageid":"5b262195-06e7-4524-99bd-8dd51e0e8b54","partialurl":"OfflinePage.png","publishingstateid":"61fe0133-539e-405b-8bb5-b47990a1b0e6"}</content>
  <filecontent mimetype="application/octet-stream">OfflinePage.png</filecontent>
  <iscustomizable>1</iscustomizable>
  <name>OfflinePage.png</name>
  <powerpagecomponenttype>3</powerpagecomponenttype>
  <powerpagesiteid>
    <powerpagesiteid>5f70b5df-786c-4df3-b1e8-a2c69a2888e3</powerpagesiteid>
  </powerpagesiteid>
  <statecode>0</statecode>
  <statuscode>1</statuscode>
</powerpagecomponent>