<powerpagecomponent powerpagecomponentid="9324011c-0bde-4116-96fa-4803a6ec5d62">
  <content>{
  "displayorder": 3,
  "weblinksetid": "69c1c36e-3b0e-4255-90ed-c842276748b5",
  "pageid": "19fa914f-3d9f-42e9-8209-4290589b7558",
  "publishingstateid": "61fe0133-539e-405b-8bb5-b47990a1b0e6"
}</content>
  <iscustomizable>1</iscustomizable>
  <name>Contact us</name>
  <powerpagecomponenttype>5</powerpagecomponenttype>
  <powerpagesiteid>
    <powerpagesiteid>5f70b5df-786c-4df3-b1e8-a2c69a2888e3</powerpagesiteid>
  </powerpagesiteid>
  <statecode>0</statecode>
  <statuscode>1</statuscode>
</powerpagecomponent>