<powerpagecomponent powerpagecomponentid="da26ebc0-97ed-4466-b7a1-ee1916c04d00">
  <content>{
  "lcid": 1033,
  "entityname": "niq_teaminvite",
  "formname": "Information",
  "mode": 100000000,
  "onsuccess": "756150000",
  "successmessage": "",
  "hideformonsuccess": true,
  "redirectwebpage": null,
  "redirecturl": null,
  "captcharequired": false,
  "showcaptchaforauthenticatedusers": false,
  "entitypermissionsenabled": true,
  "attachfilelabel": "",
  "attachfilestoragelocation": 756150000,
  "attachfilemaxsize": null,
  "maximumnooffiles": 5,
  "containername": "",
  "storageaccountname": "",
  "entitysourcetype": null,
  "recordidquerystringparametername": null
}</content>
  <iscustomizable>1</iscustomizable>
  <name>Invite member</name>
  <powerpagecomponenttype>15</powerpagecomponenttype>
  <powerpagesiteid>
    <powerpagesiteid>5f70b5df-786c-4df3-b1e8-a2c69a2888e3</powerpagesiteid>
  </powerpagesiteid>
  <statecode>0</statecode>
  <statuscode>1</statuscode>
</powerpagecomponent>