<powerpagecomponent powerpagecomponentid="53a3bcd9-7907-4858-aa24-cd87528cdcf9">
  <content>{
  "filecontent": null,
  "lcid": 1033,
  "entityname": "niq_teammember",
  "formname": "Information",
  "mode": 100000000,
  "onsuccess": "756150000",
  "successmessage": "[{\"LCID\":1033,\"Value\":\"Team Member is added Successfully!\"}]",
  "hideformonsuccess": true,
  "redirectwebpage": null,
  "redirecturl": null,
  "captcharequired": false,
  "showcaptchaforauthenticatedusers": false,
  "entitypermissionsenabled": true,
  "attachfilelabel": "[{\"LCID\":1033,\"Value\":\"\"}]",
  "attachfilestoragelocation": 756150000,
  "attachfilemaxsize": null,
  "maximumnooffiles": 5,
  "containername": "",
  "storageaccountname": "",
  "entitysourcetype": null,
  "recordidquerystringparametername": null,
  "entityFormMetadatas": [
    "99c54ba9-4dac-479a-ae31-34f997c4b6ea",
    "99c54ba9-4dac-479a-ae31-34f997c4b6ea"
  ]
}</content>
  <iscustomizable>1</iscustomizable>
  <name>Information</name>
  <powerpagecomponenttype>15</powerpagecomponenttype>
  <powerpagesiteid>
    <powerpagesiteid>5f70b5df-786c-4df3-b1e8-a2c69a2888e3</powerpagesiteid>
  </powerpagesiteid>
  <statecode>0</statecode>
  <statuscode>1</statuscode>
</powerpagecomponent>