<powerpagecomponent powerpagecomponentid="e1bb5ba5-2987-706d-9f3e-1442d46cb5ba">
  <content>{
  "type": 756150000,
  "display_name": "Logo URL",
  "value": "/Logo-sm-64.png"
}</content>
  <iscustomizable>1</iscustomizable>
  <name>Logo URL</name>
  <powerpagecomponenttype>7</powerpagecomponenttype>
  <powerpagesiteid>
    <powerpagesiteid>5f70b5df-786c-4df3-b1e8-a2c69a2888e3</powerpagesiteid>
  </powerpagesiteid>
  <powerpagesitelanguageid>
    <powerpagesitelanguageid>5ffe60b9-5500-41db-b38a-c180cf7a1562</powerpagesitelanguageid>
  </powerpagesitelanguageid>
  <statecode>0</statecode>
  <statuscode>1</statuscode>
</powerpagecomponent>