<powerpagecomponent powerpagecomponentid="a6476567-7c3c-49c3-86e5-012f744633f8">
  <content>{
  "filecontent": null,
  "value": "300556578968-78qclmlmlp70s2v9kg4e1d0cjboo70t3.apps.googleusercontent.com"
}</content>
  <iscustomizable>1</iscustomizable>
  <name>Authentication/OpenAuth/Google/ClientId</name>
  <powerpagecomponenttype>9</powerpagecomponenttype>
  <powerpagesiteid>
    <powerpagesiteid>5f70b5df-786c-4df3-b1e8-a2c69a2888e3</powerpagesiteid>
  </powerpagesiteid>
  <statecode>0</statecode>
  <statuscode>1</statuscode>
</powerpagecomponent>