<powerpagecomponent powerpagecomponentid="a6950cb4-ae73-478a-8987-174cf11fca1a">
  <content>{"disablepagevalidation":false,"displayimageonly":false,"displayorder":1,"displaypagechildlinks":false,"openinnewwindow":false,"pageid":"3c475ede-0683-41f6-8376-0ea5b02c1d6b","parentweblinkid":"ae087cf6-cb3f-4900-bf64-29148a32a4d6","publishingstateid":"61fe0133-539e-405b-8bb5-b47990a1b0e6","robotsfollowlink":true,"weblinksetid":"ea25051f-b3e6-4e02-ae33-4ecc4ce5cec4"}</content>
  <iscustomizable>1</iscustomizable>
  <name>Subpage 1</name>
  <powerpagecomponenttype>5</powerpagecomponenttype>
  <powerpagesiteid>
    <powerpagesiteid>5f70b5df-786c-4df3-b1e8-a2c69a2888e3</powerpagesiteid>
  </powerpagesiteid>
  <statecode>0</statecode>
  <statuscode>1</statuscode>
</powerpagecomponent>