<powerpagecomponent powerpagecomponentid="37d5fd39-9b6e-46cb-ba93-9d7d3b52de60">
  <content>{"display_name":"Search/Facet/Clear Constraints","type":756150000,"value":"Clear All"}</content>
  <iscustomizable>1</iscustomizable>
  <name>Search/Facet/ClearConstraints</name>
  <powerpagecomponenttype>7</powerpagecomponenttype>
  <powerpagesiteid>
    <powerpagesiteid>5f70b5df-786c-4df3-b1e8-a2c69a2888e3</powerpagesiteid>
  </powerpagesiteid>
  <powerpagesitelanguageid>
    <powerpagesitelanguageid>5ffe60b9-5500-41db-b38a-c180cf7a1562</powerpagesitelanguageid>
  </powerpagesitelanguageid>
  <statecode>0</statecode>
  <statuscode>1</statuscode>
</powerpagecomponent>