<powerpagecomponent powerpagecomponentid="69c1c36e-3b0e-4255-90ed-c842276748b5">
  <content>{
  "display_name": "Default",
  "powerpagesitelanguageid": "5ffe60b9-5500-41db-b38a-c180cf7a1562",
  "publishingstateid": "61fe0133-539e-405b-8bb5-b47990a1b0e6"
}</content>
  <iscustomizable>1</iscustomizable>
  <name>Default</name>
  <powerpagecomponenttype>4</powerpagecomponenttype>
  <powerpagesiteid>
    <powerpagesiteid>5f70b5df-786c-4df3-b1e8-a2c69a2888e3</powerpagesiteid>
  </powerpagesiteid>
  <statecode>0</statecode>
  <statuscode>1</statuscode>
</powerpagecomponent>