<powerpagecomponent powerpagecomponentid="11d57b41-c25e-96d4-c0b4-108ca66a24d5">
  <content>{
  "filecontent": null,
  "displayorder": 5,
  "weblinksetid": "aeac877d-396a-4e2b-9afd-08c2bbcc4a92",
  "pageid": "3eb0899d-670b-2cef-bfc5-e4d88a3aa8d5",
  "publishingstateid": "61fe0133-539e-405b-8bb5-b47990a1b0e6",
  "displaypagevalidation": false,
  "displayimageonly": false,
  "displaypagechildlinks": false,
  "openinnewwindow": false,
  "robotsfollowlink": true,
  "parentweblinkid": null
}</content>
  <iscustomizable>1</iscustomizable>
  <name>Team Members</name>
  <powerpagecomponenttype>5</powerpagecomponenttype>
  <powerpagesiteid>
    <powerpagesiteid>5f70b5df-786c-4df3-b1e8-a2c69a2888e3</powerpagesiteid>
  </powerpagesiteid>
  <statecode>0</statecode>
  <statuscode>1</statuscode>
</powerpagecomponent>