<powerpagecomponent powerpagecomponentid="f0ced762-eec6-b690-ba4e-7ba8bc33a742">
  <content>{
  "displayorder": 1,
  "parentweblinkid": null,
  "weblinksetid": "aeac877d-396a-4e2b-9afd-08c2bbcc4a92",
  "pageid": "1067d536-99b6-4c8c-6ae5-26a7bdfe693a",
  "publishingstateid": "61fe0133-539e-405b-8bb5-b47990a1b0e6",
  "displaypagevalidation": false,
  "displayimageonly": false,
  "displaypagechildlinks": false,
  "openinnewwindow": false,
  "robotsfollowlink": true
}</content>
  <iscustomizable>1</iscustomizable>
  <name>Team Invites</name>
  <powerpagecomponenttype>5</powerpagecomponenttype>
  <powerpagesiteid>
    <powerpagesiteid>5f70b5df-786c-4df3-b1e8-a2c69a2888e3</powerpagesiteid>
  </powerpagesiteid>
  <statecode>0</statecode>
  <statuscode>1</statuscode>
</powerpagecomponent>