<powerpagecomponent powerpagecomponentid="b6b3facf-0360-4005-825e-dffbe41021c1">
  <content>{
  "filecontent": null,
  "pageid": "519831cf-221a-6f60-b8c3-4b891afbe2bc"
}</content>
  <iscustomizable>1</iscustomizable>
  <name>Search</name>
  <powerpagecomponenttype>13</powerpagecomponenttype>
  <powerpagesiteid>
    <powerpagesiteid>5f70b5df-786c-4df3-b1e8-a2c69a2888e3</powerpagesiteid>
  </powerpagesiteid>
  <statecode>0</statecode>
  <statuscode>1</statuscode>
</powerpagecomponent>