<powerpagecomponent powerpagecomponentid="3eb0899d-670b-2cef-bfc5-e4d88a3aa8d5">
  <content>{
  "filecontent": null,
  "displayorder": 5,
  "customcss": "",
  "customjavascript": "",
  "pagetemplateid": "4ea1f15e-c322-4fa2-a981-958d00d40b3b",
  "parentpageid": "5b262195-06e7-4524-99bd-8dd51e0e8b54",
  "partialurl": "Team-Members",
  "isroot": true,
  "title": "Team Members",
  "summary": "&lt;p&gt;This is a sample landing page designed to be a starting point for your website&lt;/p&gt;",
  "copy": "",
  "publishingstateid": "61fe0133-539e-405b-8bb5-b47990a1b0e6",
  "enablerating": false,
  "enabletracking": false,
  "excludefromsearch": false,
  "hiddenfromsitemap": true,
  "sharedpageconfiguration": false
}</content>
  <iscustomizable>1</iscustomizable>
  <name>Team Members</name>
  <powerpagecomponenttype>2</powerpagecomponenttype>
  <powerpagesiteid>
    <powerpagesiteid>5f70b5df-786c-4df3-b1e8-a2c69a2888e3</powerpagesiteid>
  </powerpagesiteid>
  <searchcontent>Team MembersTeam Members</searchcontent>
  <statecode>0</statecode>
  <statuscode>1</statuscode>
</powerpagecomponent>