<powerpagecomponent powerpagecomponentid="3c8803a2-585a-512c-2216-fff8c49c14d8">
  <content>{
  "filecontent": null,
  "displayorder": 2,
  "weblinksetid": "aeac877d-396a-4e2b-9afd-08c2bbcc4a92",
  "pageid": "f1e6b64f-3843-7011-22b7-020ef2c3ff48",
  "publishingstateid": "61fe0133-539e-405b-8bb5-b47990a1b0e6",
  "displaypagevalidation": false,
  "displayimageonly": false,
  "displaypagechildlinks": false,
  "openinnewwindow": false,
  "robotsfollowlink": true,
  "parentweblinkid": "f71ca92c-0047-41f2-b2a4-0bb0e3239d8e"
}</content>
  <iscustomizable>1</iscustomizable>
  <name>Add Team Member</name>
  <powerpagecomponenttype>5</powerpagecomponenttype>
  <powerpagesiteid>
    <powerpagesiteid>5f70b5df-786c-4df3-b1e8-a2c69a2888e3</powerpagesiteid>
  </powerpagesiteid>
  <statecode>0</statecode>
  <statuscode>1</statuscode>
</powerpagecomponent>