<powerpagecomponent powerpagecomponentid="21c7e466-86b4-4240-a0f8-4085420641fd">
  <content>{
  "componentid": "21c7e466-86b4-4240-a0f8-4085420641fd",
  "componenttype": 34,
  "uxcomponenttype": "CardGallery",
  "params": "{\"layout\":{\"id\":\"layout3\",\"options\":{\"rearrangeEnabled\":{\"image\":true,\"title\":true,\"description\":true,\"button\":true,\"textHyperlink\":true,\"customText1\":true,\"customText2\":true},\"hidden\":{\"image\":false,\"title\":false,\"description\":false,\"button\":false,\"textHyperlink\":false,\"customText1\":true,\"customText2\":true},\"index\":{\"image\":0,\"title\":1,\"description\":2,\"button\":3,\"textHyperlink\":4,\"customText1\":5,\"customText2\":6},\"searchEnabled\":false},\"configurations\":{\"gallery\":{\"type\":\"grid\",\"overflow\":\"scroll\",\"cards\":{\"elements\":{\"button\":{\"openInNewTab\":false,\"appearance\":\"primary\"},\"textHyperlink\":{\"openInNewTab\":false,\"linkStyle\":\"underline\"},\"customText1\":\"p\",\"customText2\":\"p\",\"image\":{\"size\":\"scale_to_fill\"},\"title\":\"h4\",\"description\":\"p\"}}}}},\"data\":{\"entityLogicalName\":\"niq_team\",\"viewId\":\"7aa6e3d6-9a15-4304-a69a-f6ee41399a80\",\"elements\":{\"image\":\"\",\"title\":\"niq_name\",\"description\":\"\",\"button\":{\"label\":\"\",\"labelType\":\"\",\"linkType\":\"\",\"hyperlink\":\"\"},\"textHyperlink\":{\"label\":\"niq_name\",\"labelType\":\"DataColumn\",\"linkType\":\"DataColumn\",\"hyperlink\":\"\"},\"customText1\":\"\",\"customText2\":\"\"}},\"name\":\"Active Teams\",\"style\":{}}"
}</content>
  <iscustomizable>1</iscustomizable>
  <name>Active Teams</name>
  <powerpagecomponenttype>34</powerpagecomponenttype>
  <powerpagesiteid>
    <powerpagesiteid>5f70b5df-786c-4df3-b1e8-a2c69a2888e3</powerpagesiteid>
  </powerpagesiteid>
  <statecode>0</statecode>
  <statuscode>1</statuscode>
</powerpagecomponent>