<powerpagecomponent powerpagecomponentid="17bb62b6-4b19-4040-9db1-546df104c8a5">
  <content>{"createdOn":"2025-12-04T08:30:24.561Z","parentpageid":"5b262195-06e7-4524-99bd-8dd51e0e8b54","publishingstateid":"61fe0133-539e-405b-8bb5-b47990a1b0e6","partialurl":"SignIn-2.jpg","title":"","summary":"","enabletracking":false,"excludefromsearch":false,"hiddenfromsitemap":false}</content>
  <filecontent mimetype="image/jpeg">SignIn-2.jpg</filecontent>
  <iscustomizable>1</iscustomizable>
  <name>SignIn-2.jpg</name>
  <powerpagecomponenttype>3</powerpagecomponenttype>
  <powerpagesiteid>
    <powerpagesiteid>5f70b5df-786c-4df3-b1e8-a2c69a2888e3</powerpagesiteid>
  </powerpagesiteid>
  <statecode>0</statecode>
  <statuscode>1</statuscode>
</powerpagecomponent>