<powerpagecomponent powerpagecomponentid="28d41caf-3bc0-4ce3-95e1-0805f0083a37">
  <content>{"source":"{% assign search_enabled = settings['search/enabled'] | boolean | default:true %}\r\n{% assign search_page = sitemarkers['Search'] %}\r\n{% if search_enabled and search_page %}\r\n\r\n{% assign search_filters = settings['search/filters'] | search_filter_options %}\r\n\r\n&lt;form method=\"GET\" action=\"{{ search_page.url | h }}\" role=\"search\" class=\"form-search\"&gt;\r\n    &lt;div class=\"input-group\" style=\"display:table;\"&gt;\r\n\r\n        {% if search_filters %}\r\n        {% assign defaultSearchFilterText = snippets[\"Search/Default/FilterText\"] | default: resx[\"All\"] | h %}\r\n        {% assign searchFilterLabel = snippets[\"Header/Search/FilterLabel\"] | default: resx[\"Search_Filter\"] | h %}\r\n        {% assign formId = uniqueid.new_guid %}\r\n        &lt;div class=\"btn-group btn-select input-group-btn\" data-target=\"#filter-{{ formId }}\" data-focus=\"#{{search_id}}\" style=\"display:table-cell;text-align:right;\"&gt;\r\n            &lt;li class=\"dropdown-submenu dropdown\"&gt;\r\n                &lt;button id=\"search-filter\" type=\"button\" class=\"btn btn-default\"\r\n                        data-bs-toggle=\"dropdown\"\r\n                        aria-haspopup=\"true\" aria-label=\"{{ searchFilterLabel }}\" aria-expanded=\"false\"&gt;\r\n\r\n                    &lt;span class=\"selected\"&gt;{{ defaultSearchFilterText }}&lt;/span&gt;\r\n                &lt;/button&gt;\r\n                &lt;ul class=\"dropdown-menu\" role=\"listbox\" aria-label=\"{{ searchFilterLabel }}\"&gt;\r\n                    &lt;li role=\"presentation\"&gt;\r\n                        &lt;a class=\"dropdown-item\"  href=\"#\" role=\"option\" data-value=\"\"\r\n                           aria-label=\"{{ defaultSearchFilterText }}\" aria-selected=\"false\" tabIndex=\"-1\"&gt;{{ defaultSearchFilterText }}&lt;/a&gt;\r\n                    &lt;/li&gt;\r\n                    {% for search_filter_option in search_filters %}\r\n                    &lt;li role=\"presentation\"&gt;\r\n                        &lt;a class=\"dropdown-item\"  href=\"#\" role=\"option\" data-value=\"{{ search_filter_option.value | h }}\"\r\n                           aria-label=\"{{ search_filter_option.display_name | h }}\" aria-selected=\"false\" tabIndex=\"-1\"&gt;{{ search_filter_option.display_name | h }}&lt;/a&gt;\r\n                    &lt;/li&gt;\r\n                    {% endfor %}\r\n                &lt;/ul&gt;\r\n            &lt;/li&gt;\r\n        &lt;/div&gt;\r\n        &lt;label for=\"filter-{{ formId }}\" class=\"visually-hidden\"&gt;{{ searchFilterLabel }}&lt;/label&gt;\r\n        &lt;select id=\"filter-{{ formId }}\" name=\"logicalNames\" class=\"btn-select\" aria-hidden=\"true\" data-query=\"logicalNames\"&gt;\r\n            &lt;option value=\"\" selected=\"selected\"&gt;{{ defaultSearchFilterText }}&lt;/option&gt;\r\n            {% for search_filter_option in search_filters %}\r\n            &lt;option value=\"{{ search_filter_option.value | h }}\"&gt;{{ search_filter_option.display_name | h }}&lt;/option&gt;\r\n            {% endfor %}\r\n        &lt;/select&gt;\r\n        {% endif %}\r\n\r\n        &lt;label for=\"{{search_id}}\" class=\"visually-hidden\"&gt;\r\n            {{ snippets[\"Header/Search/Label\"] | default: resx[\"Search_DefaultText\"] | h }}\r\n        &lt;/label&gt;\r\n        &lt;input type=\"text\" class=\"form-control\" style=\"display:table-cell;width:100%;font-size:14px;padding-top:5px;margin-left:0px;\" id=\"{{search_id}}\" name=\"q\"\r\n               placeholder=\"{{ snippets[\"Header/Search/Label\"] | default: resx[\"Search_DefaultText\"] | h }}\"\r\n               value=\"{{ params.q | escape }}\"\r\n               title=\"{{ snippets[\"Header/Search/Label\"] | default: resx[\"Search_DefaultText\"] | h }}\"&gt;\r\n        &lt;div class=\"input-group-btn\" style=\"display:table-cell;text-align:left;\"&gt;\r\n            &lt;button type=\"submit\" class=\"btn btn-primary\"\r\n                    title=\"{{ snippets[\"Header/Search/ToolTip\"] | default: resx[\"Search_DefaultText\"] | h }}\"\r\n                    aria-label=\"{{ snippets[\"Header/Search/ToolTip\"] | default: resx[\"Search_DefaultText\"] | h }}\"&gt;\r\n                &lt;span class=\"fa fa-search\" aria-hidden=\"true\"&gt;&lt;/span&gt;\r\n            &lt;/button&gt;\r\n        &lt;/div&gt;\r\n    &lt;/div&gt;\r\n&lt;/form&gt;\r\n{% endif %}"}</content>
  <iscustomizable>1</iscustomizable>
  <name>Search</name>
  <powerpagecomponenttype>8</powerpagecomponenttype>
  <powerpagesiteid>
    <powerpagesiteid>5f70b5df-786c-4df3-b1e8-a2c69a2888e3</powerpagesiteid>
  </powerpagesiteid>
  <statecode>0</statecode>
  <statuscode>1</statuscode>
</powerpagecomponent>